"extraction_id","extraction_batch","extraction_concentration","extraction_volume","extraction_total","sample_id"
"AAB74E1","EXB0002",0,45,0,"AAB74"
"AAC07E1","EXB0002",0.09,45,4,"AAC07"
"AAB96E1","EXB0002",0.85,45,38,"AAB96"
"AAB84E1","EXB0002",2.06,45,93,"AAB84"
"AAB69E1","EXB0002",0,45,0,"AAB69"
"AAB64E1","EXB0002",0.38,45,17,"AAB64"
"AAC55E1","EXB0002",0.28,45,13,"AAC55"
"AAD09E1","EXB0002",0,45,0,"AAD09"
"AAC14E1","EXB0002",0.14,45,6,"AAC14"
"AAC09E1","EXB0002",1.35,45,61,"AAC09"
"AAC40E1","EXB0002",0.09,45,4,"AAC40"
"AAC21E1","EXB0002",0,45,0,"AAC21"
"AAC33E1","EXB0002",34.8,45,1566,"AAC33"
"AAC26E1","EXB0002",0,45,0,"AAC26"
"AAC06E1","EXB0002",0,45,0,"AAC06"
"AAB78E1","EXB0002",0.07,45,3,"AAB78"
"AAC79E1","EXB0002",0,45,0,"AAC79"
"AAC15E1","EXB0002",0.07,45,3,"AAC15"
"AAC28E1","EXB0002",0,45,0,"AAC28"
"AAC36E1","EXB0002",0.13,45,6,"AAC36"
"AAW10E1","EXB0002",3.05,45,137,"AAW10"
"AAW16E1","EXB0002",22.9,45,1031,"AAW16"
"C1_EXB0002E1","EXB0002",0,45,0,"C1_EXB0002"
"AAD12E1","EXB0001",0.12,45,5,"AAD12"
"AAC83E2","EXB0001",0.4,17,7,"AAC83"
"AD81E1","EXB0001",0.5,45,23,"AD81"
"AAD16E2","EXB0001",0.25,17,4,"AAD16"
"AAC94E1","EXB0001",59,45,2655,"AAC94"
"AAD16E1","EXB0001",0.09,45,4,"AAD16"
"AAC86E2","EXB0001",48.4,17,823,"AAC86"
"AD74E2","EXB0001",0.18,17,3,"AD74"
"AAC62E1","EXB0001",1.49,45,67,"AAC62"
"AAD10E2","EXB0001",150,17,2550,"AAD10"
"AAB85E1","EXB0001",0.19,45,9,"AAB85"
"AAC86E1","EXB0001",35,45,1575,"AAC86"
"AAD23E2","EXB0001",23,17,391,"AAD23"
"AAC96E2","EXB0001",0.25,17,4,"AAC96"
"AD85E1","EXB0001",7.74,45,348,"AD85"
"AAD15E2","EXB0001",0,17,0,"AAD15"
"AD89E1","EXB0001",5.9,45,266,"AD89"
"AD89E2","EXB0001",5.5,17,94,"AD89"
"AAD23E1","EXB0001",5.5,45,248,"AAD23"
"AAD15E1","EXB0001",0.93,45,42,"AAD15"
"AAC46E1","EXB0001",5.24,45,236,"AAC46"
"C1_EXB0001E1","EXB0001",0,45,0,"C1_EXB0001"
"AD84E2","EXB0001",1.83,17,31,"AD84"
"AD85E2","EXB0001",6.93,17,118,"AD85"
"AAC83E1","EXB0001",0.07,45,3,"AAC83"
"AAC62E2","EXB0001",0.06,17,1,"AAC62"
"AAC91E1","EXB0001",2.4,45,108,"AAC91"
"AAC71E1","EXB0001",3.31,45,149,"AAC71"
"AAD12E2","EXB0001",0.2,17,3,"AAD12"
"AD84E1","EXB0001",1.58,45,71,"AD84"
"AAC91E2","EXB0001",2.7,17,46,"AAC91"
"AAD25E2","EXB0001",7.94,17,135,"AAD25"
"AD79E1","EXB0001",3.47,45,156,"AD79"
"AAB85E2","EXB0001",0.12,17,2,"AAB85"
"AAC71E2","EXB0001",3.25,17,55,"AAC71"
"AAC94E2","EXB0001",9.65,17,164,"AAC94"
"AD79E2","EXB0001",1.05,17,18,"AD79"
"AD74E1","EXB0001",5.33,45,240,"AD74"
"AAD25E1","EXB0001",6.09,45,274,"AAD25"
"AAC46E2","EXB0001",0,17,0,"AAC46"
"AAD10E1","EXB0001",6.03,45,271,"AAD10"
"AAC96E1","EXB0001",0.14,45,6,"AAC96"
"AD81E2","EXB0001",0,17,0,"AD81"
"C2_EXB0001E1","EXB0001",0,45,0,"C2_EXB0001"
"AFU62E1","EXB0034",6.46,45,291,"AFU62"
"ABU49E1","EXB0017",0,45,0,"ABU49"
"ABT47E1","EXB0017",0.06,45,3,"ABT47"
"ABT33E1","EXB0017",0.06,45,3,"ABT33"
"ABT43E1","EXB0017",0,45,0,"ABT43"
"ABT11E1","EXB0017",7.1,45,320,"ABT11"
"ABT13E1","EXB0017",0.17,45,8,"ABT13"
"ABT15E1","EXB0017",9.39,45,423,"ABT15"
"ABT86E1","EXB0017",0.73,45,33,"ABT86"
"C1_EXB0017E1","EXB0017",0,45,0,"C1_EXB0017"
"AFU71E1","EXB0034",13.4,45,603,"AFU71"
"AFU73E1","EXB0034",2.6,45,117,"AFU73"
"AFU74E1","EXB0034",13.2,45,594,"AFU74"
"AFU75E1","EXB0034",0,45,0,"AFU75"
"AFU77E1","EXB0034",0.13,45,6,"AFU77"
"AFU78E1","EXB0034",20,45,900,"AFU78"
"AFU80E1","EXB0034",0.08,45,4,"AFU80"
"AFU81E1","EXB0034",13.2,45,594,"AFU81"
"AFU82E1","EXB0034",1.95,45,88,"AFU82"
"AFU83E1","EXB0034",3.89,45,175,"AFU83"
"AFU84E1","EXB0034",3.43,45,154,"AFU84"
"AFU86E1","EXB0034",5.11,45,230,"AFU86"
"C1_EXB0034E1","EXB0034",39.2,45,1764,"C1_EXB0034"
"C2_EXB0034E1","EXB0034",0.07,45,3,"C2_EXB0034"
"C3_EXB0034E1","EXB0034",3.72,45,167,"C3_EXB0034"
"ABJ89E1","EXB0003",5.44,45,245,"ABJ89"
"ABL39E1","EXB0003",5.75,45,259,"ABL39"
"AAW13E1","EXB0003",0.95,45,43,"AAW13"
"ABK12E1","EXB0003",3,45,135,"ABK12"
"ABL01E1","EXB0003",6.68,45,301,"ABL01"
"ABL51E1","EXB0003",1.66,45,75,"ABL51"
"ABK18E1","EXB0003",12.6,45,567,"ABK18"
"ABI40E1","EXB0003",12.8,45,576,"ABI40"
"ABL45E1","EXB0003",5.11,45,230,"ABL45"
"AAW11E1","EXB0003",0.16,45,7,"AAW11"
"ABJ79E1","EXB0003",11,45,495,"ABJ79"
"ABL19E1","EXB0003",0.62,45,28,"ABL19"
"ABL37E1","EXB0003",3.63,45,163,"ABL37"
"ABK88E1","EXB0003",10.2,45,459,"ABK88"
"AAW31E1","EXB0003",0.24,45,11,"AAW31"
"AAW19E1","EXB0003",0.95,45,43,"AAW19"
"AAW20E1","EXB0003",0.08,45,4,"AAW20"
"ABL25E1","EXB0003",0.51,45,23,"ABL25"
"ABK90E1","EXB0003",7.93,45,357,"ABK90"
"AAW12E1","EXB0003",0.73,45,33,"AAW12"
"ABK71E1","EXB0003",10.6,45,477,"ABK71"
"ABI56E1","EXB0003",10.6,45,477,"ABI56"
"AAW14E1","EXB0003",5.04,45,227,"AAW14"
"ABI58E1","EXB0003",6.4,45,288,"ABI58"
"ABJ91E1","EXB0003",9.3,45,419,"ABJ91"
"ABL92E1","EXB0003",1.54,45,69,"ABL92"
"AAW21E1","EXB0003",0.1,45,4,"AAW21"
"ABL86E1","EXB0003",7.87,45,354,"ABL86"
"AAW26E1","EXB0003",0.23,45,10,"AAW26"
"ABK46E1","EXB0003",0.17,45,8,"ABK46"
"ABJ49E1","EXB0003",8.3,45,374,"ABJ49"
"ABJ51E1","EXB0003",17.6,45,792,"ABJ51"
"AAW15E1","EXB0003",0.77,45,35,"AAW15"
"ABI38E1","EXB0003",12.7,45,572,"ABI38"
"ABK86E1","EXB0003",5.99,45,270,"ABK86"
"ABK73E1","EXB0003",1,45,45,"ABK73"
"ABL98E1","EXB0003",0.16,45,7,"ABL98"
"ABJ75E1","EXB0003",6.96,45,313,"ABJ75"
"ABL31E1","EXB0003",10.1,45,455,"ABL31"
"ABK67E1","EXB0003",12.7,45,572,"ABK67"
"ABM11E1","EXB0003",0,45,0,"ABM11"
"ABL02E1","EXB0003",10.2,45,459,"ABL02"
"ABL27E1","EXB0003",0.54,45,24,"ABL27"
"AAW18E1","EXB0003",0.92,45,42,"AAW18"
"ABJ73E1","EXB0003",2.32,45,104,"ABJ73"
"ABK03E1","EXB0003",0.67,45,30,"ABK03"
"ABK20E1","EXB0003",16.8,45,756,"ABK20"
"ABK61E1","EXB0003",16.1,45,725,"ABK61"
"ABL29E1","EXB0003",5.56,45,250,"ABL29"
"ABL03E1","EXB0003",3.5,45,158,"ABL03"
"ABK44E1","EXB0003",7.59,45,342,"ABK44"
"ABK69E1","EXB0003",6.08,45,274,"ABK69"
"ABL57E1","EXB0003",7.06,45,318,"ABL57"
"ABK59E1","EXB0003",10,45,450,"ABK59"
"ABK16E1","EXB0003",10.4,45,468,"ABK16"
"ABL53E1","EXB0003",5.92,45,266,"ABL53"
"ABI42E1","EXB0003",15.7,45,707,"ABI42"
"AAW27E1","EXB0003",1.05,45,47,"AAW27"
"ABL72E1","EXB0003",18,45,810,"ABL72"
"C1_EXB0003E1","EXB0003",0,45,0,"C1_EXB0003"
"ABI44E1","EXB0003",2.11,45,95,"ABI44"
"ABJ59E1","EXB0003",3.16,45,142,"ABJ59"
"ABK55E1","EXB0003",6.04,45,272,"ABK55"
"AAW23E1","EXB0003",3.3,45,149,"AAW23"
"ABL76E1","EXB0003",10.2,45,459,"ABL76"
"ABL33E1","EXB0003",13.2,45,594,"ABL33"
"ABJ53E1","EXB0003",12.6,45,567,"ABJ53"
"ABK96E1","EXB0003",3.1,45,140,"ABK96"
"AAW17E1","EXB0003",0.59,45,26,"AAW17"
"ABL64E1","EXB0003",0.82,45,37,"ABL64"
"ABK05E1","EXB0003",5.53,45,249,"ABK05"
"ABJ55E1","EXB0003",7.88,45,355,"ABJ55"
"ABJ71E1","EXB0003",14,45,630,"ABJ71"
"AAW22E1","EXB0003",2.97,45,134,"AAW22"
"AAW32E1","EXB0003",0.34,45,15,"AAW32"
"ABK41E1","EXB0003",5.32,45,239,"ABK41"
"ABJ45E1","EXB0003",14.3,45,644,"ABJ45"
"ABK48E1","EXB0003",4.94,45,222,"ABK48"
"ABJ83E1","EXB0003",9.63,45,433,"ABJ83"
"ABK35E1","EXB0006",2.3,45,103,"ABK35"
"ABK09E1","EXB0006",7.82,45,352,"ABK09"
"ABM10E1","EXB0006",2.77,45,125,"ABM10"
"ABK54E1","EXB0006",5.82,45,262,"ABK54"
"ABI46E1","EXB0006",19,45,855,"ABI46"
"ABK33E1","EXB0006",0.26,45,12,"ABK33"
"ABK53E1","EXB0006",19.5,45,878,"ABK53"
"ABI47E1","EXB0006",9.22,45,415,"ABI47"
"ABL66E1","EXB0006",5.56,45,250,"ABL66"
"ABL67E1","EXB0006",0.82,45,37,"ABL67"
"ABL67E2","EXB0006",0.82,45,37,"ABL67"
"ABL82E1","EXB0006",3.9,45,176,"ABL82"
"ABK54E2","EXB0006",4.47,45,201,"ABK54"
"ABK09E2","EXB0006",7.97,45,359,"ABK09"
"ABK07E1","EXB0006",14.9,45,671,"ABK07"
"C1_EXB0006E1","EXB0006",0.07,45,3,"C1_EXB0006"
"AAS14E1","EXB0004",0.1,45,5,"AAS14"
"AAS06E1","EXB0004",0.64,45,29,"AAS06"
"AAS05E1","EXB0004",0.71,45,32,"AAS05"
"C1_EXB0004E1","EXB0004",0,45,0,"C1_EXB0004"
"AAS01E1","EXB0004",0.31,45,14,"AAS01"
"AAS15E1","EXB0004",0.5,45,22,"AAS15"
"AAS13E1","EXB0004",0.23,45,10,"AAS13"
"AAS16E1","EXB0004",1.49,45,67,"AAS16"
"AAS27E1","EXB0004",0.12,45,5,"AAS27"
"AAS35E1","EXB0004",8.26,45,372,"AAS35"
"AAS36E1","EXB0004",0.76,45,34,"AAS36"
"AAS39E1","EXB0004",21.4,45,963,"AAS39"
"AAS34E1","EXB0004",0.23,45,10,"AAS34"
"AAS37E1","EXB0004",0.17,45,8,"AAS37"
"AAS42E1","EXB0004",0.35,45,16,"AAS42"
"AAS19E1","EXB0004",0.84,45,38,"AAS19"
"C2_EXB0004E1","EXB0004",0,45,0,"C2_EXB0004"
"AAS17E1","EXB0004",3.11,45,140,"AAS17"
"AAS41E1","EXB0004",0.15,45,7,"AAS41"
"AAS20E1","EXB0004",0.49,45,22,"AAS20"
"AAS18E1","EXB0004",0.16,45,7,"AAS18"
"AAS23E1","EXB0004",40.9,45,1841,"AAS23"
"AAS32E1","EXB0004",1.48,45,67,"AAS32"
"AAS29E1","EXB0004",0.17,45,8,"AAS29"
"AAS28E1","EXB0004",0,45,0,"AAS28"
"AAS30E1","EXB0004",0.67,45,30,"AAS30"
"AAS31E1","EXB0004",0.07,45,3,"AAS31"
"AAS24E1","EXB0004",38.1,45,1715,"AAS24"
"AAS22E1","EXB0004",0.52,45,23,"AAS22"
"AAS21E1","EXB0004",0,45,0,"AAS21"
"AAS38E1","EXB0004",0.13,45,6,"AAS38"
"NSAP67E1","EXB0004",3.37,45,152,"NSAP67"
"AAS10E1","EXB0004",1.72,45,77,"AAS10"
"NSAP21E1","EXB0004",0.31,45,14,"NSAP21"
"NSAP35E1","EXB0004",0.56,45,25,"NSAP35"
"AAS08E1","EXB0004",7.77,45,350,"AAS08"
"AAS12E1","EXB0004",3.67,45,165,"AAS12"
"AAS04E1","EXB0004",0.75,45,34,"AAS04"
"NSAP54E1","EXB0004",8.9,45,401,"NSAP54"
"AAS11E1","EXB0004",0.24,45,11,"AAS11"
"C3_EXB0004E1","EXB0004",0.25,45,11,"C3_EXB0004"
"NSAP27E1","EXB0004",1.4,45,63,"NSAP27"
"NSAP64E1","EXB0004",3.67,45,165,"NSAP64"
"NSAP20E1","EXB0004",0.29,45,13,"NSAP20"
"NSAP42E1","EXB0004",0.36,45,16,"NSAP42"
"NSAP33E1","EXB0004",1.49,45,67,"NSAP33"
"AAS07E1","EXB0004",5.93,45,267,"AAS07"
"AAS03E1","EXB0004",2.34,45,105,"AAS03"
"NSAP36E1","EXB0004",1.32,45,59,"NSAP36"
"AAS09E1","EXB0004",2.01,45,90,"AAS09"
"NSAP34E1","EXB0004",7.05,45,317,"NSAP34"
"NSAP19E1","EXB0004",0.29,45,13,"NSAP19"
"AAT50E2","EXB0004",0.74,17,13,"AAT50"
"AAT56E2","EXB0004",0.87,17,15,"AAT56"
"AAS55E2","EXB0004",0,17,0,"AAS55"
"AAS45E2","EXB0004",0.46,17,8,"AAS45"
"AAT48E2","EXB0004",0.99,17,17,"AAT48"
"AAT55E2","EXB0004",13.5,17,230,"AAT55"
"AAT63E2","EXB0004",0.53,17,9,"AAT63"
"AAT52E2","EXB0004",0,17,0,"AAT52"
"AAT60E2","EXB0004",0.44,17,8,"AAT60"
"AAT49E2","EXB0004",0.31,17,5,"AAT49"
"AAS47E2","EXB0004",2.4,17,41,"AAS47"
"C4_EXB0004E2","EXB0004",0,17,0,"C4_EXB0004"
"AAT51E2","EXB0004",7.28,17,124,"AAT51"
"AAT47E2","EXB0004",0,17,0,"AAT47"
"AAS44E2","EXB0004",0.53,17,9,"AAS44"
"AAT61E2","EXB0004",12.6,17,214,"AAT61"
"AAS46E2","EXB0004",2.72,17,46,"AAS46"
"AAS54E2","EXB0004",0,17,0,"AAS54"
"AAT59E2","EXB0004",8.36,17,142,"AAT59"
"AAS43E2","EXB0004",0.39,17,7,"AAS43"
"AAS56E2","EXB0004",0.31,17,5,"AAS56"
"AAT62E2","EXB0004",6.16,17,105,"AAT62"
"AAT57E2","EXB0004",0.26,17,4,"AAT57"
"AAT58E2","EXB0004",1.65,17,28,"AAT58"
"AAT31E1","EXB0004",11.7,45,527,"AAT31"
"AAT06E1","EXB0004",0.06,45,3,"AAT06"
"AAT24E1","EXB0004",0.4,45,18,"AAT24"
"AAT25E1","EXB0004",0.63,45,28,"AAT25"
"AAT28E1","EXB0004",0.56,45,25,"AAT28"
"AAT45E1","EXB0004",9.65,45,434,"AAT45"
"AAT42E1","EXB0004",0.08,45,4,"AAT42"
"AAT21E1","EXB0004",0.45,45,20,"AAT21"
"AAT41E1","EXB0004",3.45,45,155,"AAT41"
"AAT05E1","EXB0004",0.07,45,3,"AAT05"
"AAT30E1","EXB0004",17,45,765,"AAT30"
"AAT04E1","EXB0004",0.57,45,26,"AAT04"
"AAT08E1","EXB0004",4.3,45,194,"AAT08"
"AAT39E1","EXB0004",0.28,45,13,"AAT39"
"C5_EXB0004E1","EXB0004",0,45,0,"C5_EXB0004"
"AAT44E1","EXB0004",2.32,45,104,"AAT44"
"ABK57E1","EXB0007",16.1,45,725,"ABK57"
"ABI47E2","EXB0007",10.8,45,486,"ABI47"
"ABM09E1","EXB0007",1.95,45,88,"ABM09"
"ABL83E1","EXB0007",4.01,45,180,"ABL83"
"AAV26E1","EXB0008",8.79,45,396,"AAV26"
"ABA67E1","EXB0008",9.39,45,423,"ABA67"
"AAU65E1","EXB0008",85.6,45,3852,"AAU65"
"AAA53E1","EXB0008",4.39,45,198,"AAA53"
"AAC33E2","EXB0008",26.2,45,1179,"AAC33"
"ABA64E1","EXB0008",8.95,45,403,"ABA64"
"AAB69E2","EXB0008",0,45,0,"AAB69"
"AAA57E1","EXB0008",10.2,45,459,"AAA57"
"AAA73E1","EXB0008",52,45,2340,"AAA73"
"ABA61E1","EXB0008",14.9,45,671,"ABA61"
"AAV25E1","EXB0008",57,45,2565,"AAV25"
"AAV43E1","EXB0008",6.89,45,310,"AAV43"
"ABB05E1","EXB0008",16.5,45,743,"ABB05"
"AAC06E2","EXB0008",0.16,45,7,"AAC06"
"ABB26E1","EXB0008",25.2,45,1134,"ABB26"
"AAW10E2","EXB0008",4.03,45,181,"AAW10"
"AAB84E2","EXB0008",2.4,45,108,"AAB84"
"AAU97E1","EXB0008",13.5,45,608,"AAU97"
"AAB96E2","EXB0008",NA,0,0,"AAB96"
"AAC07E2","EXB0008",0,45,0,"AAC07"
"AAS05E2","EXB0008",0.56,45,25,"AAS05"
"AAS14E2","EXB0008",0.55,45,25,"AAS14"
"AAV44E1","EXB0008",12.5,45,563,"AAV44"
"ABB24E1","EXB0008",20.7,45,932,"ABB24"
"AAS15E2","EXB0008",0.19,45,9,"AAS15"
"ABA68E1","EXB0008",11.7,45,527,"ABA68"
"AAB74E2","EXB0008",NA,45,0,"AAB74"
"AAV39E1","EXB0008",9.34,45,420,"AAV39"
"ABA55E1","EXB0008",3.89,45,175,"ABA55"
"AAC28E2","EXB0008",0.12,45,5,"AAC28"
"AAC36E2","EXB0008",0.19,45,8,"AAC36"
"ABA60E1","EXB0008",8.93,45,402,"ABA60"
"AAC40E2","EXB0008",0.36,45,16,"AAC40"
"AAC26E2","EXB0008",0.07,45,3,"AAC26"
"AAU89E1","EXB0008",10,45,450,"AAU89"
"AAD09E2","EXB0008",NA,0,0,"AAD09"
"AAC09E2","EXB0008",4.13,45,186,"AAC09"
"AAC55E2","EXB0008",0.29,45,13,"AAC55"
"C1_EXB0008E1","EXB0008",0.06,45,3,"C1_EXB0008"
"AAU83E1","EXB0008",11.5,45,518,"AAU83"
"AAV40E1","EXB0008",36.1,45,1625,"AAV40"
"ABA56E1","EXB0008",17.1,45,770,"ABA56"
"ABA63E1","EXB0008",4.03,45,181,"ABA63"
"AAB64E2","EXB0008",0,45,0,"AAB64"
"AAC15E2","EXB0008",0,45,0,"AAC15"
"AAC79E2","EXB0008",0.07,45,3,"AAC79"
"AAW16E2","EXB0008",25.7,45,1157,"AAW16"
"AAS06E2","EXB0008",0.86,45,39,"AAS06"
"AAB01E1","EXB0008",30.9,45,1391,"AAB01"
"AAA48E1","EXB0008",3.62,45,163,"AAA48"
"ABB03E1","EXB0008",1.16,45,52,"ABB03"
"AAB37E1","EXB0008",7.14,45,321,"AAB37"
"ABA65E1","EXB0008",29.7,45,1337,"ABA65"
"AAA92E1","EXB0008",3.88,45,175,"AAA92"
"AAV27E1","EXB0008",19.3,45,869,"AAV27"
"AAS13E2","EXB0008",0.66,45,30,"AAS13"
"AAA75E1","EXB0008",9.62,45,433,"AAA75"
"AAU91E1","EXB0008",31.9,45,1436,"AAU91"
"AAS16E2","EXB0008",1.52,45,68,"AAS16"
"AAC21E2","EXB0008",0.16,45,7,"AAC21"
"AAU70E1","EXB0008",12.6,45,567,"AAU70"
"AAA64E1","EXB0008",3.04,45,137,"AAA64"
"AAB32E1","EXB0008",9.5,45,428,"AAB32"
"AAS01E2","EXB0008",0.39,45,18,"AAS01"
"AAA56E1","EXB0008",1.61,45,72,"AAA56"
"AAU84E1","EXB0008",5.36,45,241,"AAU84"
"AAB23E1","EXB0008",19.9,45,895,"AAB23"
"ABA58E1","EXB0008",5.7,45,257,"ABA58"
"AAC14E2","EXB0008",0,45,0,"AAC14"
"AAB78E2","EXB0008",0,45,0,"AAB78"
"AFN06E2","EXB0021",0.36,45,16,"AFN06"
"AFN08E2","EXB0021",0.68,45,31,"AFN08"
"AFN10E2","EXB0021",0.34,45,15,"AFN10"
"AFN12E2","EXB0021",2.65,45,119,"AFN12"
"AFN31E2","EXB0021",0.11,45,5,"AFN31"
"AFN23E2","EXB0021",0.11,45,5,"AFN23"
"AFN28E2","EXB0021",0.34,45,15,"AFN28"
"AFN29E2","EXB0021",0.13,45,6,"AFN29"
"ACJ37E2","EXB0021",0.59,45,26,"ACJ37"
"ACJ39E2","EXB0021",0.41,45,18,"ACJ39"
"ACE28E2","EXB0021",0.59,45,26,"ACE28"
"ACD03E2","EXB0021",0,45,0,"ACD03"
"ACD90E2","EXB0021",0.12,45,5,"ACD90"
"ACE34E2","EXB0021",0.08,45,4,"ACE34"
"ACD79E2","EXB0021",0.08,45,4,"ACD79"
"AAB84E3","EXB0021",0.84,45,38,"AAB84"
"AAC33E3","EXB0021",31.8,45,1431,"AAC33"
"C1_EXB0021E1","EXB0021",0.05,45,2,"C1_EXB0021"
"AAT20E1","EXB0005",0.34,45,15,"AAT20"
"AAT34E1","EXB0005",6.76,45,304,"AAT34"
"AAT38E1","EXB0005",0.12,45,5,"AAT38"
"AAT43E1","EXB0005",0.57,45,26,"AAT43"
"C1_EXB0005E1","EXB0005",0,45,0,"C1_EXB0005"
"AAT37E1","EXB0005",0,45,0,"AAT37"
"AAT22E1","EXB0005",0,45,0,"AAT22"
"AAT33E1","EXB0005",0.24,45,11,"AAT33"
"AAT26E1","EXB0005",0,45,0,"AAT26"
"AAT23E1","EXB0005",3.94,45,177,"AAT23"
"AAT53E1","EXB0005",0.18,45,8,"AAT53"
"AAT40E1","EXB0005",0,45,0,"AAT40"
"AAT32E1","EXB0005",3.13,45,141,"AAT32"
"AAT03E1","EXB0005",0.07,45,3,"AAT03"
"AAT46E1","EXB0005",0,45,0,"AAT46"
"AAT29E1","EXB0005",0,45,0,"AAT29"
"AAS49E1","EXB0005",0,45,0,"AAS49"
"AAS49E2","EXB0005",0,17,0,"AAS49"
"AAX73E1","EXB0010",1.29,45,58,"AAX73"
"AAH18E1","EXB0010",0.32,45,14,"AAH18"
"AAX81E1","EXB0010",0,45,0,"AAX81"
"AAH61E1","EXB0010",0.76,45,34,"AAH61"
"AAX75E1","EXB0010",0.18,45,8,"AAX75"
"C1_EXB0010E1","EXB0010",0,45,0,"C1_EXB0010"
"AAX93E1","EXB0010",1.24,45,56,"AAX93"
"AAX76E1","EXB0010",0.06,45,2,"AAX76"
"AAH27E1","EXB0010",1.75,45,79,"AAH27"
"AAH19E1","EXB0010",0.07,45,3,"AAH19"
"AAI03E1","EXB0010",1.45,45,65,"AAI03"
"AAH52E1","EXB0010",0.46,45,21,"AAH52"
"AAX83E1","EXB0010",0,45,0,"AAX83"
"AAH51E1","EXB0010",0.4,45,18,"AAH51"
"AAH32E1","EXB0010",0.35,45,16,"AAH32"
"AAH60E1","EXB0010",0.7,45,31,"AAH60"
"AAX97E1","EXB0010",0.3,45,14,"AAX97"
"C2_EXB0010E1","EXB0010",0,45,0,"C2_EXB0010"
"AAH33E1","EXB0010",2.73,45,123,"AAH33"
"AAI04E1","EXB0010",1,45,45,"AAI04"
"ABH56E1","EXB0018",8.66,45,390,"ABH56"
"ABH58E1","EXB0018",3.47,45,156,"ABH58"
"ABH60E1","EXB0018",7.7,45,347,"ABH60"
"ABH62E1","EXB0018",5.36,45,241,"ABH62"
"ABL68E1","EXB0018",1.4,45,63,"ABL68"
"ABL88E1","EXB0018",3.13,45,141,"ABL88"
"ABM15E1","EXB0018",0,45,0,"ABM15"
"ABM17E1","EXB0018",0,45,0,"ABM17"
"OPAU2E1","EXB0009",0.24,45,11,"OPAU2"
"OPAU4E1","EXB0009",0.15,45,7,"OPAU4"
"OPAU6E1","EXB0009",0.59,45,27,"OPAU6"
"OPAU8E1","EXB0009",0.39,45,18,"OPAU8"
"OPAU10E1","EXB0009",0.23,45,10,"OPAU10"
"OPAU12E1","EXB0009",0.28,45,13,"OPAU12"
"OPAU14E1","EXB0009",0.68,45,31,"OPAU14"
"C1_EXB0009E1","EXB0009",0,45,0,"C1_EXB0009"
"ABM07E1","EXB0018",4.28,45,193,"ABM07"
"ABU61E1","EXB0018",0,45,0,"ABU61"
"ABU62E1","EXB0018",0,45,0,"ABU62"
"ABT87E1","EXB0018",1.78,45,80,"ABT87"
"ABT03E1","EXB0018",0.41,45,18,"ABT03"
"ABU54E1","EXB0018",10.1,45,455,"ABU54"
"ABU38E1","EXB0018",0,45,0,"ABU38"
"ABU40E1","EXB0018",6.6,45,297,"ABU40"
"ACP21E1","EXB0018",0.19,45,8,"ACP21"
"ACP14E1","EXB0018",0.08,45,3,"ACP14"
"ACP10E1","EXB0018",0.18,45,8,"ACP10"
"ABC67E1","EXB0018",0,45,0,"ABC67"
"ABC65E1","EXB0018",0.33,45,15,"ABC65"
"ACH41E1","EXB0018",0.15,45,7,"ACH41"
"ADU85E1","EXB0018",0,45,0,"ADU85"
"ADU90E1","EXB0018",0.06,45,3,"ADU90"
"C1_EXB0018E1","EXB0018",0,45,0,"C1_EXB0018"
"ABK29E1","EXB0036",29.4,45,1323,"ABK29"
"ABL81E1","EXB0036",54,45,2430,"ABL81"
"ABL75E1","EXB0036",59,45,2655,"ABL75"
"ABK27E1","EXB0036",48,45,2160,"ABK27"
"C1_EXB0036E1","EXB0036",0,45,0,"C1_EXB0036"
"AFW18E1","EXB0022",14.8,45,666,"AFW18"
"AFV57E1","EXB0022",3.11,45,140,"AFV57"
"AFV48E1","EXB0022",7.61,45,342,"AFV48"
"AFV39E1","EXB0022",6.74,45,303,"AFV39"
"AFW26E1","EXB0022",1.08,45,49,"AFW26"
"AFW28E1","EXB0022",10.9,45,491,"AFW28"
"AFW30E1","EXB0022",3.69,45,166,"AFW30"
"AFW32E1","EXB0022",12.3,45,554,"AFW32"
"ACJ47E1","EXB0022",0.38,45,17,"ACJ47"
"ACJ61E1","EXB0022",0.17,45,8,"ACJ61"
"ACJ41E1","EXB0022",11.4,45,513,"ACJ41"
"AFN38E1","EXB0022",1.22,45,55,"AFN38"
"AFN36E1","EXB0022",0.42,45,19,"AFN36"
"AFN07E1","EXB0022",0.58,45,26,"AFN07"
"AFN09E1","EXB0022",0.18,45,8,"AFN09"
"C1_EXB0022E1","EXB0022",0,45,0,"C1_EXB0022"
"ABP99E2","EXB0016",7.66,45,345,"ABP99"
"ABQ01E2","EXB0016",8.1,45,365,"ABQ01"
"ABP91E2","EXB0016",14.6,45,657,"ABP91"
"ABP76E2","EXB0016",7.15,45,322,"ABP76"
"ABQ18E2","EXB0016",3.98,45,179,"ABQ18"
"ABP77E2","EXB0016",3.04,45,137,"ABP77"
"ABO01E2","EXB0016",8.74,45,393,"ABO01"
"ABO03E2","EXB0016",2.18,45,98,"ABO03"
"ABO05E2","EXB0016",3.1,45,140,"ABO05"
"ABO09E2","EXB0016",16,45,720,"ABO09"
"ABN47E2","EXB0016",2.23,45,100,"ABN47"
"ABP37E2","EXB0016",33.1,45,1490,"ABP37"
"ABO34E2","EXB0016",23.9,45,1076,"ABO34"
"ABO36E2","EXB0016",24.3,45,1094,"ABO36"
"ABO45E2","EXB0016",22.2,45,999,"ABO45"
"ABO54E2","EXB0016",17.4,45,783,"ABO54"
"ABP55E2","EXB0016",6.04,45,272,"ABP55"
"AAN19E2","EXB0016",14.9,45,671,"AAN19"
"AAN22E2","EXB0016",19.9,45,895,"AAN22"
"AAN40E2","EXB0016",13.2,45,594,"AAN40"
"AAN43E2","EXB0016",8.94,45,402,"AAN43"
"AAN49E2","EXB0016",10.9,45,491,"AAN49"
"AAN52E2","EXB0016",35.6,45,1602,"AAN52"
"AAN57E2","EXB0016",24.9,45,1121,"AAN57"
"AAN59E2","EXB0016",11.1,45,500,"AAN59"
"AAN61E2","EXB0016",18.2,45,819,"AAN61"
"AAN63E2","EXB0016",14.5,45,653,"AAN63"
"AEJ95E2","EXB0016",0.13,45,6,"AEJ95"
"AEK05E2","EXB0016",1.07,45,48,"AEK05"
"AEK07E2","EXB0016",0.22,45,10,"AEK07"
"AAT07E2","EXB0016",0.16,45,7,"AAT07"
"AAT09E2","EXB0016",0.11,45,5,"AAT09"
"ABT51E2","EXB0016",1.39,45,63,"ABT51"
"ABT53E2","EXB0016",1.2,45,54,"ABT53"
"ABT55E2","EXB0016",2.54,45,114,"ABT55"
"ABU28E2","EXB0016",3.79,45,171,"ABU28"
"ABU30E2","EXB0016",0.66,45,30,"ABU30"
"ABU44E2","EXB0016",0.67,45,30,"ABU44"
"ABU55E2","EXB0016",9.73,45,438,"ABU55"
"ABU57E2","EXB0016",7.24,45,326,"ABU57"
"ABU59E2","EXB0016",4.62,45,208,"ABU59"
"ABT71E2","EXB0016",9.96,45,448,"ABT71"
"ABT69E2","EXB0016",2.64,45,119,"ABT69"
"ABT68E2","EXB0016",5.35,45,241,"ABT68"
"C1_EXB0016E1","EXB0016",0.55,45,25,"C1_EXB0016"
"AA02E1","EXB0023",6.56,45,295,"AA02"
"AA04E1","EXB0023",4.2,45,189,"AA04"
"AA17E1","EXB0023",13.3,45,599,"AA17"
"AA83E1","EXB0023",14.7,45,662,"AA83"
"AA86E1","EXB0023",8.85,45,398,"AA86"
"AA89E1","EXB0023",6.95,45,313,"AA89"
"AA95E1","EXB0023",17.9,45,805,"AA95"
"AAA17E1","EXB0023",26.7,45,1202,"AAA17"
"AAA55E1","EXB0023",15,45,675,"AAA55"
"AAA67E1","EXB0023",31,45,1395,"AAA67"
"AAA89E1","EXB0023",35.7,45,1607,"AAA89"
"AAB02E1","EXB0023",26.5,45,1193,"AAB02"
"AAB12E1","EXB0023",13.8,45,621,"AAB12"
"AAB20E1","EXB0023",22.9,45,1031,"AAB20"
"AAB49E1","EXB0023",30.1,45,1355,"AAB49"
"ABC26E1","EXB0023",3.78,45,170,"ABC26"
"ABC31E1","EXB0023",0.89,45,40,"ABC31"
"ADU72E1","EXB0023",1.51,45,68,"ADU72"
"ADU75E1","EXB0023",6.76,45,304,"ADU75"
"ADV27E1","EXB0023",11.1,45,500,"ADV27"
"ADV29E1","EXB0023",6.45,45,290,"ADV29"
"ADV34E1","EXB0023",24.3,45,1094,"ADV34"
"ADV43E1","EXB0023",0,45,0,"ADV43"
"ADV69E1","EXB0023",1.03,45,46,"ADV69"
"ADV74E1","EXB0023",1.04,45,47,"ADV74"
"ADV82E1","EXB0023",12.6,45,567,"ADV82"
"ADV86E1","EXB0023",20.6,45,927,"ADV86"
"ADW18E1","EXB0023",5.9,45,266,"ADW18"
"ADW20E1","EXB0023",5.72,45,257,"ADW20"
"AEL05E1","EXB0023",16.4,45,738,"AEL05"
"AEL08E1","EXB0023",3.16,45,142,"AEL08"
"AEL09E1","EXB0023",7.92,45,356,"AEL09"
"AEL21E1","EXB0023",7.44,45,335,"AEL21"
"AEL24E1","EXB0023",2.85,45,128,"AEL24"
"AEL40E1","EXB0023",25.9,45,1166,"AEL40"
"AEL44E1","EXB0023",16.3,45,734,"AEL44"
"AEL51E1","EXB0023",7.23,45,325,"AEL51"
"AEL61E1","EXB0023",11,45,495,"AEL61"
"AEL64E1","EXB0023",24.5,45,1103,"AEL64"
"AEL73E1","EXB0023",6.65,45,299,"AEL73"
"AEL78E1","EXB0023",25.9,45,1166,"AEL78"
"AEL81E1","EXB0023",16.1,45,725,"AEL81"
"AEL82E1","EXB0023",10.5,45,473,"AEL82"
"AEL92E1","EXB0023",13.2,45,594,"AEL92"
"C1_EXB0023E1","EXB0023",0,45,0,"C1_EXB0023"
"ABW28E1","EXB0011",3.77,45,170,"ABW28"
"ABW32E1","EXB0011",2.23,45,100,"ABW32"
"ABW34E1","EXB0011",6.03,45,271,"ABW34"
"ABW36E1","EXB0011",3.08,45,139,"ABW36"
"ABW37E1","EXB0011",6.36,45,286,"ABW37"
"ABW39E1","EXB0011",5.66,45,255,"ABW39"
"ABG64E1","EXB0011",11.5,45,518,"ABG64"
"ABG37E1","EXB0011",2.4,45,108,"ABG37"
"ABG28E1","EXB0011",2.85,45,128,"ABG28"
"ABG02E1","EXB0011",3.85,45,173,"ABG02"
"ABG11E1","EXB0011",3.42,45,154,"ABG11"
"ABG38E1","EXB0011",1.75,45,79,"ABG38"
"ABG57E1","EXB0011",16.6,45,747,"ABG57"
"AAL73E1","EXB0011",2.44,45,110,"AAL73"
"AAM10E1","EXB0011",6.9,45,311,"AAM10"
"AAM41E1","EXB0011",6.74,45,303,"AAM41"
"AAM53E1","EXB0011",3.1,45,140,"AAM53"
"AAM59E1","EXB0011",1.41,45,63,"AAM59"
"AAN04E1","EXB0011",19.7,45,887,"AAN04"
"ADK31E1","EXB0011",1.37,45,62,"ADK31"
"ADK29E1","EXB0011",3.4,45,153,"ADK29"
"ADK18E1","EXB0011",1.96,45,88,"ADK18"
"ADK21E1","EXB0011",2.4,45,108,"ADK21"
"ADK23E1","EXB0011",8.39,45,378,"ADK23"
"ADK10E1","EXB0011",1.76,45,79,"ADK10"
"ADK03E1","EXB0011",1.24,45,56,"ADK03"
"ADJ98E1","EXB0011",4.24,45,191,"ADJ98"
"ADJ92E1","EXB0011",9.62,45,433,"ADJ92"
"ADM62E1","EXB0011",7.92,45,356,"ADM62"
"ADM55E1","EXB0011",13.3,45,599,"ADM55"
"ADM46E1","EXB0011",1.25,45,56,"ADM46"
"ADF33E1","EXB0011",1.22,45,55,"ADF33"
"ADF01E1","EXB0011",2.79,45,126,"ADF01"
"ADF10E1","EXB0011",1.34,45,60,"ADF10"
"ADF30E1","EXB0011",0.19,45,8,"ADF30"
"ADF26E1","EXB0011",2.04,45,92,"ADF26"
"ACZ58E1","EXB0011",2.26,45,102,"ACZ58"
"ACZ48E1","EXB0011",1.6,45,72,"ACZ48"
"ACZ34E1","EXB0011",2.09,45,94,"ACZ34"
"ACZ33E1","EXB0011",3.23,45,145,"ACZ33"
"ACZ32E1","EXB0011",1.24,45,56,"ACZ32"
"ADA10E1","EXB0011",1.18,45,53,"ADA10"
"ADA31E1","EXB0011",1.6,45,72,"ADA31"
"ACB36E1","EXB0011",1.41,45,63,"ACB36"
"ACB37E1","EXB0011",1.81,45,81,"ACB37"
"AAL47E1","EXB0011",6.6,45,297,"AAL47"
"AAM36E1","EXB0011",9.66,45,435,"AAM36"
"C1_EXB0013E1","EXB0011",0,45,0,"C1_EXB0013"
"ABP99E1","EXB0015",11.4,45,513,"ABP99"
"ABQ01E1","EXB0015",8.1,45,365,"ABQ01"
"ABP91E1","EXB0015",5.85,45,263,"ABP91"
"ABP76E1","EXB0015",8.78,45,395,"ABP76"
"ABQ18E1","EXB0015",12.5,45,563,"ABQ18"
"ABP77E1","EXB0015",8.73,45,393,"ABP77"
"ABO01E1","EXB0015",13.5,45,608,"ABO01"
"ABO03E1","EXB0015",23.7,45,1067,"ABO03"
"ABO05E1","EXB0015",7.73,45,348,"ABO05"
"ABO09E1","EXB0015",23.6,45,1062,"ABO09"
"ABN47E1","EXB0015",12.2,45,549,"ABN47"
"ABP37E1","EXB0015",55,45,2475,"ABP37"
"ABO34E1","EXB0015",44.9,45,2021,"ABO34"
"ABO36E1","EXB0015",41.9,45,1886,"ABO36"
"ABO45E1","EXB0015",45.7,45,2057,"ABO45"
"ABO54E1","EXB0015",53,45,2385,"ABO54"
"ABP55E1","EXB0015",10.3,45,464,"ABP55"
"AAN19E1","EXB0015",28.7,45,1292,"AAN19"
"AAN22E1","EXB0015",33.1,45,1490,"AAN22"
"AAN40E1","EXB0015",7.16,45,322,"AAN40"
"AAN43E1","EXB0015",14.2,45,639,"AAN43"
"AAN49E1","EXB0015",17.4,45,783,"AAN49"
"AAN52E1","EXB0015",33,45,1485,"AAN52"
"AAN57E1","EXB0015",35.4,45,1593,"AAN57"
"AAN59E1","EXB0015",17.7,45,797,"AAN59"
"AAN61E1","EXB0015",24,45,1080,"AAN61"
"AAN63E1","EXB0015",17,45,765,"AAN63"
"AEJ95E1","EXB0015",0.63,45,28,"AEJ95"
"AEK05E1","EXB0015",1.3,45,59,"AEK05"
"AEK07E1","EXB0015",19.4,45,873,"AEK07"
"AAT07E1","EXB0015",8.13,45,366,"AAT07"
"AAT09E1","EXB0015",0.59,45,26,"AAT09"
"ABT51E1","EXB0015",10.4,45,468,"ABT51"
"ABT53E1","EXB0015",4.32,45,194,"ABT53"
"ABT55E1","EXB0015",7.89,45,355,"ABT55"
"ABU28E1","EXB0015",13.2,45,594,"ABU28"
"ABU30E1","EXB0015",2.57,45,116,"ABU30"
"ABU44E1","EXB0015",4.24,45,191,"ABU44"
"ABU55E1","EXB0015",12.4,45,558,"ABU55"
"ABU57E1","EXB0015",11.6,45,522,"ABU57"
"ABU59E1","EXB0015",7.33,45,330,"ABU59"
"ABT71E1","EXB0015",14.5,45,653,"ABT71"
"ABT69E1","EXB0015",2.21,45,99,"ABT69"
"ABT68E1","EXB0015",7.65,45,344,"ABT68"
"C1_EXB0015E1","EXB0015",0.33,45,15,"C1_EXB0015"
"BATA19E1","EXB0012",6.64,45,299,"BATA19"
"BATA05E1","EXB0012",13,45,585,"BATA05"
"BATC12E1","EXB0012",8.02,45,361,"BATC12"
"BATC07E1","EXB0012",15.2,45,684,"BATC07"
"BATC02E1","EXB0012",19.3,45,869,"BATC02"
"BATA06E1","EXB0012",16.4,45,738,"BATA06"
"BATC14E1","EXB0012",9.6,45,432,"BATC14"
"BATA07E1","EXB0012",14.8,45,666,"BATA07"
"BATA08E1","EXB0012",11.1,45,500,"BATA08"
"BATC17E1","EXB0012",8.22,45,370,"BATC17"
"BATA13E1","EXB0012",7.56,45,340,"BATA13"
"BATB12E1","EXB0012",2.28,45,103,"BATB12"
"BATC04E1","EXB0012",14.5,45,653,"BATC04"
"BATC18E1","EXB0012",10.9,45,491,"BATC18"
"BATA18E1","EXB0012",7.79,45,351,"BATA18"
"BATB17E1","EXB0012",1.85,45,83,"BATB17"
"BATB16E1","EXB0012",1.8,45,81,"BATB16"
"BATB05E1","EXB0012",1.4,45,63,"BATB05"
"BATB13E1","EXB0012",1.85,45,83,"BATB13"
"BATA20E1","EXB0012",8.2,45,369,"BATA20"
"BATC20E1","EXB0012",7.54,45,339,"BATC20"
"BATC11E1","EXB0012",9.79,45,441,"BATC11"
"BATA17E1","EXB0012",8.71,45,392,"BATA17"
"BATA16E1","EXB0012",9.17,45,413,"BATA16"
"BATA15E1","EXB0012",6.83,45,307,"BATA15"
"BATB11E1","EXB0012",1.82,45,82,"BATB11"
"BATB07E1","EXB0012",0.68,45,31,"BATB07"
"C1_EXB0012E1","EXB0012",0,45,0,"C1_EXB0012"
"BATB15E1","EXB0012",1.63,45,73,"BATB15"
"BATB14E1","EXB0012",1.62,45,73,"BATB14"
"BATC05E1","EXB0012",14.4,45,648,"BATC05"
"BATC16E1","EXB0012",9.91,45,446,"BATC16"
"BATC08E1","EXB0012",14.1,45,635,"BATC08"
"BATA01E1","EXB0012",15.5,45,698,"BATA01"
"BATB04E1","EXB0012",0.64,45,29,"BATB04"
"BATA09E1","EXB0012",11,45,495,"BATA09"
"BATA10E1","EXB0012",12.5,45,563,"BATA10"
"BATB03E1","EXB0012",0.73,45,33,"BATB03"
"BATA14E1","EXB0012",9.55,45,430,"BATA14"
"BATC15E1","EXB0012",8.13,45,366,"BATC15"
"BATB10E1","EXB0012",0.92,45,41,"BATB10"
"BATC13E1","EXB0012",15.8,45,711,"BATC13"
"BATA04E1","EXB0012",14.3,45,644,"BATA04"
"BATA03E1","EXB0012",12.5,45,563,"BATA03"
"BATB01E1","EXB0012",1.59,45,72,"BATB01"
"BATB08E1","EXB0012",0.74,45,33,"BATB08"
"BATA11E1","EXB0012",10.8,45,486,"BATA11"
"BATC06E1","EXB0012",26.3,45,1184,"BATC06"
"BATB09E1","EXB0012",0.63,45,28,"BATB09"
"BATC10E1","EXB0012",15.3,45,689,"BATC10"
"BATC01E1","EXB0012",14.9,45,671,"BATC01"
"BATB20E1","EXB0012",8.27,45,372,"BATB20"
"BATC19E1","EXB0012",8.54,45,384,"BATC19"
"BATC03E1","EXB0012",15.5,45,698,"BATC03"
"BATA12E1","EXB0012",6.24,45,281,"BATA12"
"BATB18E1","EXB0012",1.58,45,71,"BATB18"
"BATA02E1","EXB0012",12.3,45,554,"BATA02"
"BATC09E1","EXB0012",12.6,45,567,"BATC09"
"BATB19E1","EXB0012",1.4,45,63,"BATB19"
"BATB06E1","EXB0012",1.33,45,60,"BATB06"
"BATB02E1","EXB0012",1.03,45,46,"BATB02"
"ABS02E1","EXB0014",8.32,45,374,"ABS02"
"ABS12E1","EXB0014",0.99,45,45,"ABS12"
"ABS20E1","EXB0014",1.47,45,66,"ABS20"
"ABS26E1","EXB0014",3.41,45,153,"ABS26"
"ABS28E1","EXB0014",3.49,45,157,"ABS28"
"ABS32E1","EXB0014",1.55,45,70,"ABS32"
"ABS40E1","EXB0014",0.59,45,26,"ABS40"
"ABS42E1","EXB0014",1.74,45,78,"ABS42"
"ABS92E1","EXB0014",0.92,45,41,"ABS92"
"ABS94E1","EXB0014",1.31,45,59,"ABS94"
"ABS96E1","EXB0014",2.4,45,108,"ABS96"
"ACO90E1","EXB0014",2.51,45,113,"ACO90"
"ACO91E1","EXB0014",0.81,45,36,"ACO91"
"ACP12E1","EXB0014",0.34,45,15,"ACP12"
"ACP13E1","EXB0014",0.56,45,25,"ACP13"
"ACX32E1","EXB0014",3.75,45,169,"ACX32"
"ACX40E1","EXB0014",0.21,45,9,"ACX40"
"ACX42E1","EXB0014",0.46,45,21,"ACX42"
"ADA63E1","EXB0014",2.42,45,109,"ADA63"
"ADA65E1","EXB0014",0.25,45,11,"ADA65"
"ADA67E1","EXB0014",0.93,45,42,"ADA67"
"ADA68E1","EXB0014",1.01,45,45,"ADA68"
"ADA70E1","EXB0014",1.48,45,67,"ADA70"
"ADA72E1","EXB0014",1.05,45,47,"ADA72"
"ADV25E1","EXB0014",1.85,45,83,"ADV25"
"ADV55E1","EXB0014",0.09,45,4,"ADV55"
"ADV57E1","EXB0014",0,45,0,"ADV57"
"C1_EXB0014E1","EXB0014",0,45,0,"C1_EXB0014"
"ABC64E1","EXB0019",8.82,45,397,"ABC64"
"ABC73E1","EXB0019",2.56,45,115,"ABC73"
"ABC84E1","EXB0019",1.03,45,46,"ABC84"
"ABD12E1","EXB0019",6.63,45,298,"ABD12"
"ACH69E1","EXB0019",1.13,45,51,"ACH69"
"ACP06E1","EXB0019",0.44,45,20,"ACP06"
"ACP15E1","EXB0019",0,45,0,"ACP15"
"ACP16E1","EXB0019",0.46,45,21,"ACP16"
"ACP19E1","EXB0019",1.24,45,56,"ACP19"
"ACP22E1","EXB0019",1.03,45,46,"ACP22"
"ACP23E1","EXB0019",3.02,45,136,"ACP23"
"ADU83E1","EXB0019",0,45,0,"ADU83"
"ADU88E1","EXB0019",0,45,0,"ADU88"
"ADU91E1","EXB0019",0,45,0,"ADU91"
"ADU93E1","EXB0019",0,45,0,"ADU93"
"ADU95E1","EXB0019",0,45,0,"ADU95"
"ADV02E1","EXB0019",0.06,45,3,"ADV02"
"ADV08E1","EXB0019",0,45,0,"ADV08"
"ADV11E1","EXB0019",0.06,45,2,"ADV11"
"ADV19E1","EXB0019",0,45,0,"ADV19"
"ADV53E1","EXB0019",0,45,0,"ADV53"
"C1_EXB0019E1","EXB0019",0,45,0,"C1_EXB0019"
"AFN06E1","EXB0020",0.76,45,34,"AFN06"
"AFN08E1","EXB0020",0.34,45,15,"AFN08"
"AFN10E1","EXB0020",0.28,45,13,"AFN10"
"AFN12E1","EXB0020",1.53,45,69,"AFN12"
"AFN31E1","EXB0020",0.12,45,6,"AFN31"
"AFN23E1","EXB0020",0.13,45,6,"AFN23"
"AFN28E1","EXB0020",0.26,45,12,"AFN28"
"AFN29E1","EXB0020",0.12,45,6,"AFN29"
"ACJ37E1","EXB0020",0.11,45,5,"ACJ37"
"ACJ39E1","EXB0020",1.34,45,60,"ACJ39"
"ACE28E1","EXB0020",0.68,45,31,"ACE28"
"ACD03E1","EXB0020",0,45,0,"ACD03"
"ACD90E1","EXB0020",0.1,45,5,"ACD90"
"ACE34E1","EXB0020",0,45,0,"ACE34"
"ACD79E1","EXB0020",0.06,45,3,"ACD79"
"C1_EXB0020E1","EXB0020",0.46,45,21,"C1_EXB0020"
"ACC01E1","EXB0024",1.43,45,64,"ACC01"
"ACC02E1","EXB0024",1.4,45,63,"ACC02"
"ACC03E1","EXB0024",1.07,45,48,"ACC03"
"ACC18E1","EXB0024",0.74,45,33,"ACC18"
"ACC19E1","EXB0024",0.42,45,19,"ACC19"
"ACC29E1","EXB0024",0.89,45,40,"ACC29"
"ACJ38E1","EXB0024",0.33,45,15,"ACJ38"
"C1_EXB0024E1","EXB0024",0,45,0,"C1_EXB0024"
"ACC04E1","EXB0025",1.39,45,63,"ACC04"
"ACC05E1","EXB0025",1.49,45,67,"ACC05"
"ACC15E1","EXB0025",0,45,0,"ACC15"
"ACC16E1","EXB0025",1.04,45,47,"ACC16"
"ACC17E1","EXB0025",0.31,45,14,"ACC17"
"ACJ40E1","EXB0025",0.95,45,43,"ACJ40"
"ACJ42E1","EXB0025",0.76,45,34,"ACJ42"
"ACJ48E1","EXB0025",0.89,45,40,"ACJ48"
"ACJ62E1","EXB0025",0.63,45,28,"ACJ62"
"ACZ94E1","EXB0025",1.24,45,56,"ACZ94"
"ACZ96E1","EXB0025",0,45,0,"ACZ96"
"ACZ98E1","EXB0025",0.51,45,23,"ACZ98"
"ADA01E1","EXB0025",0.46,45,21,"ADA01"
"ADA11E1","EXB0025",0.69,45,31,"ADA11"
"ADA13E1","EXB0025",0.56,45,25,"ADA13"
"ADA15E1","EXB0025",0.41,45,18,"ADA15"
"ADA17E1","EXB0025",0.71,45,32,"ADA17"
"ADA19E1","EXB0025",0.33,45,15,"ADA19"
"OPAU25E1","EXB0025",1.45,45,65,"OPAU25"
"OPAU11E1","EXB0025",0.9,45,40,"OPAU11"
"OPAU13E1","EXB0025",0.53,45,24,"OPAU13"
"OPAU15E1","EXB0025",0.65,45,29,"OPAU15"
"C1_EXB0025E1","EXB0025",0.09,45,4,"C1_EXB0025"
"ADI75E1","EXB0028",14.2,45,639,"ADI75"
"ADI81E1","EXB0028",3.33,45,150,"ADI81"
"ADI93E1","EXB0028",0.6,45,27,"ADI93"
"ADI97E1","EXB0028",3.01,45,135,"ADI97"
"ADJ06E1","EXB0028",8.72,45,392,"ADJ06"
"ADJ26E1","EXB0028",9.05,45,407,"ADJ26"
"ADJ27E1","EXB0028",0.2,45,9,"ADJ27"
"ADJ34E1","EXB0028",0.66,45,29,"ADJ34"
"ADJ44E1","EXB0028",17.7,45,797,"ADJ44"
"ADJ93E1","EXB0028",16.2,45,729,"ADJ93"
"ADJ97E1","EXB0028",0.49,45,22,"ADJ97"
"ADK02E1","EXB0028",16.4,45,738,"ADK02"
"ADK06E1","EXB0028",16.3,45,734,"ADK06"
"ADK11E1","EXB0028",15.6,45,702,"ADK11"
"ADK20E1","EXB0028",0.24,45,11,"ADK20"
"ADK22E1","EXB0028",24.6,45,1107,"ADK22"
"ADK28E1","EXB0028",9,45,405,"ADK28"
"ADK30E1","EXB0028",22.9,45,1031,"ADK30"
"ADK32E1","EXB0028",0.09,45,4,"ADK32"
"ADK34E1","EXB0028",1.97,45,89,"ADK34"
"ADL20E1","EXB0028",4.64,45,209,"ADL20"
"ADL22E1","EXB0028",0.35,45,16,"ADL22"
"ADL26E1","EXB0028",5.53,45,249,"ADL26"
"ADL30E1","EXB0028",2.12,45,95,"ADL30"
"ADL33E1","EXB0028",3.86,45,174,"ADL33"
"ADL34E1","EXB0028",0.45,45,20,"ADL34"
"ADL59E1","EXB0028",3.21,45,144,"ADL59"
"ADL62E1","EXB0028",4.35,45,196,"ADL62"
"ADL63E1","EXB0028",27.3,45,1229,"ADL63"
"ADL70E1","EXB0028",25.8,45,1161,"ADL70"
"ADL72E1","EXB0028",21.6,45,972,"ADL72"
"ADL74E1","EXB0028",9.04,45,407,"ADL74"
"ADL76E1","EXB0028",1.48,45,67,"ADL76"
"ADL90E1","EXB0028",10.9,45,491,"ADL90"
"ADL93E1","EXB0028",0.26,45,12,"ADL93"
"ADL98E1","EXB0028",33.9,45,1526,"ADL98"
"ADM03E1","EXB0028",0.25,45,11,"ADM03"
"ADM14E1","EXB0028",8.58,45,386,"ADM14"
"ADM16E1","EXB0028",20.2,45,909,"ADM16"
"ADM19E1","EXB0028",4.59,45,207,"ADM19"
"ADM21E1","EXB0028",0,45,0,"ADM21"
"ADM28E1","EXB0028",0.11,45,5,"ADM28"
"ADM31E1","EXB0028",6,45,270,"ADM31"
"ADM42E1","EXB0028",6.38,45,287,"ADM42"
"ADM43E1","EXB0028",13.8,45,621,"ADM43"
"ADM56E1","EXB0028",16.3,45,734,"ADM56"
"ADM61E1","EXB0028",26.1,45,1175,"ADM61"
"ADM66E1","EXB0028",19.7,45,887,"ADM66"
"ADM74E1","EXB0028",18.3,45,824,"ADM74"
"ADM79E1","EXB0028",7.68,45,346,"ADM79"
"C1_EXB0026E1","EXB0028",0,45,0,"C1_EXB0026"
"OPAU17E1","EXB0027",0.55,45,25,"OPAU17"
"OPAU19E1","EXB0027",0.64,45,29,"OPAU19"
"OPAU23E1","EXB0027",0.29,45,13,"OPAU23"
"OPAU1E1","EXB0027",0.02,45,1,"OPAU1"
"OPAU27E1","EXB0027",0.51,45,23,"OPAU27"
"OPAU29E1","EXB0027",0.2,45,9,"OPAU29"
"OPAU3E1","EXB0027",0.91,45,41,"OPAU3"
"OPAU31E1","EXB0027",0.57,45,26,"OPAU31"
"OPAU33E1","EXB0027",0.66,45,30,"OPAU33"
"OPAU35E1","EXB0027",0.12,45,5,"OPAU35"
"OPAU37E1","EXB0027",0.11,45,5,"OPAU37"
"OPAU39E1","EXB0027",1.15,45,52,"OPAU39"
"OPAU41E1","EXB0027",0.16,45,7,"OPAU41"
"OPAU43E1","EXB0027",0.07,45,3,"OPAU43"
"OPAU45E1","EXB0027",0.12,45,5,"OPAU45"
"OPAU47E1","EXB0027",0.18,45,8,"OPAU47"
"OPAU49E1","EXB0027",0.31,45,14,"OPAU49"
"OPAU5E1","EXB0027",1.79,45,81,"OPAU5"
"OPAU51E1","EXB0027",0.34,45,15,"OPAU51"
"OPAU53E1","EXB0027",0.32,45,14,"OPAU53"
"OPAU55E1","EXB0027",0.07,45,3,"OPAU55"
"OPAU57E1","EXB0027",0.17,45,7,"OPAU57"
"OPAU59E1","EXB0027",0.1,45,5,"OPAU59"
"OPAU61E1","EXB0027",0.21,45,9,"OPAU61"
"OPAU63E1","EXB0027",0.21,45,9,"OPAU63"
"OPAU65E1","EXB0027",0.14,45,6,"OPAU65"
"OPAU67E1","EXB0027",0.06,45,3,"OPAU67"
"OPAU69E1","EXB0027",0.08,45,4,"OPAU69"
"OPAU7E1","EXB0027",1.29,45,58,"OPAU7"
"OPAU71E1","EXB0027",0.06,45,3,"OPAU71"
"OPAU9E1","EXB0027",1.3,45,59,"OPAU9"
"C1_EXB0027E1","EXB0027",0.06,45,3,"C1_EXB0027"
"ADM18E1","EXB0028",14.3,45,644,"ADM18"
"ADA11E2","EXB0032",1.31,45,59,"ADA11"
"ACJ38E2","EXB0032",0.3,45,14,"ACJ38"
"ACC17E2","EXB0032",0.44,45,20,"ACC17"
"ADA01E2","EXB0032",0.83,45,37,"ADA01"
"ADA15E2","EXB0032",2.19,45,99,"ADA15"
"ACC16E2","EXB0032",1,45,45,"ACC16"
"ACJ62E2","EXB0032",1.27,45,57,"ACJ62"
"ADA13E2","EXB0032",4.75,45,214,"ADA13"
"C3_EXB0032E1","EXB0032",0,45,0,"C3_EXB0032"
"C4_EXB0032E1","EXB0032",0,45,0,"C4_EXB0032"
"C1_EXB0032E1","EXB0032",0,45,0,"C1_EXB0032"
"C2_EXB0032E1","EXB0032",0,45,0,"C2_EXB0032"
"AA58E1","EXB0029",2.23,45,100,"AA58"
"AA74E1","EXB0029",1.93,45,87,"AA74"
"AA92E1","EXB0029",14.5,45,653,"AA92"
"AB02E1","EXB0029",1.24,45,56,"AB02"
"AB05E1","EXB0029",0.39,45,17,"AB05"
"AB06E1","EXB0029",12.9,45,581,"AB06"
"AB09E1","EXB0029",15.5,45,698,"AB09"
"AB13E1","EXB0029",1.37,45,62,"AB13"
"ABZ26E1","EXB0029",6.73,45,303,"ABZ26"
"ABZ29E1","EXB0029",3.18,45,143,"ABZ29"
"ABZ32E1","EXB0029",4.89,45,220,"ABZ32"
"ABZ36E1","EXB0029",7.63,45,343,"ABZ36"
"ABZ39E1","EXB0029",15.1,45,680,"ABZ39"
"ABZ43E1","EXB0029",6.24,45,281,"ABZ43"
"ABZ50E1","EXB0029",0.71,45,32,"ABZ50"
"ADD83E1","EXB0029",2.32,45,104,"ADD83"
"ADD87E1","EXB0029",15.9,45,716,"ADD87"
"ADD90E1","EXB0029",0.95,45,43,"ADD90"
"ADD91E1","EXB0029",2.03,45,91,"ADD91"
"ADD97E1","EXB0029",5.45,45,245,"ADD97"
"ADE05E1","EXB0029",0.25,45,11,"ADE05"
"ADE11E1","EXB0029",0.95,45,43,"ADE11"
"ADE15E1","EXB0029",2.43,45,109,"ADE15"
"AFV24E1","EXB0029",3.82,45,172,"AFV24"
"AFV34E1","EXB0029",46,45,2070,"AFV34"
"AFV44E1","EXB0029",4.8,45,216,"AFV44"
"AFV60E1","EXB0029",0.39,45,18,"AFV60"
"AFV64E1","EXB0029",0,45,0,"AFV64"
"AFV67E1","EXB0029",15,45,675,"AFV67"
"AFV78E1","EXB0029",7.87,45,354,"AFV78"
"AFV82E1","EXB0029",1.82,45,82,"AFV82"
"AFV96E1","EXB0029",9.09,45,409,"AFV96"
"AFW01E1","EXB0029",1.59,45,72,"AFW01"
"AFW06E1","EXB0029",23.6,45,1062,"AFW06"
"AFW08E1","EXB0029",25.9,45,1166,"AFW08"
"AFW10E1","EXB0029",2.97,45,134,"AFW10"
"AFW12E1","EXB0029",1.32,45,59,"AFW12"
"AFW84E1","EXB0029",7.04,45,317,"AFW84"
"C1_EXB0029E1","EXB0029",0.07,45,3,"C1_EXB0029"
"ACC01E2","EXB0033",8.77,45,395,"ACC01"
"ACC02E2","EXB0033",5.88,45,265,"ACC02"
"ACC03E2","EXB0033",7.09,45,319,"ACC03"
"ACC04E2","EXB0033",2.71,45,122,"ACC04"
"OPAU23E2","EXB0033",6.17,45,278,"OPAU23"
"ACC18E2","EXB0033",2.89,45,130,"ACC18"
"ACC19E2","EXB0033",0.92,45,41,"ACC19"
"ACC29E2","EXB0033",4.6,45,207,"ACC29"
"ACZ94E2","EXB0033",2.47,45,111,"ACZ94"
"OPAU27E2","EXB0033",6.34,45,285,"OPAU27"
"ACZ98E2","EXB0033",1.55,45,70,"ACZ98"
"ADA17E2","EXB0033",2.21,45,99,"ADA17"
"ADA19E2","EXB0033",1.21,45,54,"ADA19"
"OPAU1E2","EXB0033",5.35,45,241,"OPAU1"
"OPAU3E2","EXB0033",4.42,45,199,"OPAU3"
"OPAU5E2","EXB0033",1.57,45,71,"OPAU5"
"OPAU7E2","EXB0033",1.74,45,78,"OPAU7"
"OPAU9E2","EXB0033",4.14,45,186,"OPAU9"
"OPAU17E2","EXB0033",7.03,45,316,"OPAU17"
"OPAU19E2","EXB0033",5.99,45,270,"OPAU19"
"OPAU11E2","EXB0033",3,45,135,"OPAU11"
"OPAU13E2","EXB0033",3.62,45,163,"OPAU13"
"OPAU15E2","EXB0033",3.6,45,162,"OPAU15"
"OPAU25E2","EXB0033",1.47,45,66,"OPAU25"
"C1_EXB0033E1","EXB0033",0,45,0,"C1_EXB0033"
"OPAU29E2","EXB0035",9.8,45,441,"OPAU29"
"OPAU31E2","EXB0035",10.3,45,464,"OPAU31"
"OPAU33E2","EXB0035",7.75,45,349,"OPAU33"
"OPAU35E2","EXB0035",7.67,45,345,"OPAU35"
"OPAU37E2","EXB0035",8.12,45,365,"OPAU37"
"OPAU39E2","EXB0035",0,45,0,"OPAU39"
"OPAU41E2","EXB0035",10,45,450,"OPAU41"
"OPAU43E2","EXB0035",15.8,45,711,"OPAU43"
"OPAU45E2","EXB0035",12.8,45,576,"OPAU45"
"OPAU47E2","EXB0035",1.54,45,69,"OPAU47"
"OPAU49E2","EXB0035",1.58,45,71,"OPAU49"
"OPAU51E2","EXB0035",8.78,45,395,"OPAU51"
"OPAU53E2","EXB0035",9.94,45,447,"OPAU53"
"OPAU55E2","EXB0035",4.81,45,216,"OPAU55"
"OPAU57E2","EXB0035",5.47,45,246,"OPAU57"
"OPAU59E2","EXB0035",4.47,45,201,"OPAU59"
"OPAU61E2","EXB0035",6.08,45,274,"OPAU61"
"OPAU63E2","EXB0035",6.27,45,282,"OPAU63"
"OPAU65E2","EXB0035",5.82,45,262,"OPAU65"
"OPAU67E2","EXB0035",14.8,45,666,"OPAU67"
"OPAU69E2","EXB0035",7.01,45,315,"OPAU69"
"OPAU71E2","EXB0035",5.37,45,242,"OPAU71"
"C1_EXB0035E1","EXB0035",0,45,0,"C1_EXB0035"
"OPAU18E1","EXB0030",0.34,45,15,"OPAU18"
"OPAU20E1","EXB0030",0.39,45,18,"OPAU20"
"OPAU24E1","EXB0030",0.7,45,31,"OPAU24"
"OPAU26E1","EXB0030",0.54,45,24,"OPAU26"
"OPAU28E1","EXB0030",1.78,45,80,"OPAU28"
"OPAU30E1","EXB0030",1.66,45,75,"OPAU30"
"OPAU32E1","EXB0030",0.36,45,16,"OPAU32"
"OPAU34E1","EXB0030",0.24,45,11,"OPAU34"
"OPAU36E1","EXB0030",0.15,45,7,"OPAU36"
"OPAU38E1","EXB0030",0.21,45,9,"OPAU38"
"OPAU40E1","EXB0030",0.27,45,12,"OPAU40"
"OPAU42E1","EXB0030",1.05,45,47,"OPAU42"
"OPAU44E1","EXB0030",2.42,45,109,"OPAU44"
"OPAU46E1","EXB0030",0.29,45,13,"OPAU46"
"OPAU48E1","EXB0030",1.12,45,50,"OPAU48"
"OPAU50E1","EXB0030",1.74,45,78,"OPAU50"
"OPAU52E1","EXB0030",0.16,45,7,"OPAU52"
"OPAU54E1","EXB0030",0.08,45,4,"OPAU54"
"OPAU56E1","EXB0030",0.84,45,38,"OPAU56"
"OPAU58E1","EXB0030",0.9,45,41,"OPAU58"
"OPAU60E1","EXB0030",1.16,45,52,"OPAU60"
"OPAU62E1","EXB0030",0.18,45,8,"OPAU62"
"OPAU64E1","EXB0030",0.59,45,27,"OPAU64"
"OPAU66E1","EXB0030",0.48,45,22,"OPAU66"
"OPAU68E1","EXB0030",1.72,45,77,"OPAU68"
"OPAU70E1","EXB0030",0.31,45,14,"OPAU70"
"OPAU72E1","EXB0030",0.69,45,31,"OPAU72"
"ACB19E1","EXB0030",0.41,45,18,"ACB19"
"ACB20E1","EXB0030",1.02,45,46,"ACB20"
"ACB21E1","EXB0030",0.11,45,5,"ACB21"
"ACB22E1","EXB0030",0.16,45,7,"ACB22"
"ACB23E1","EXB0030",0.14,45,6,"ACB23"
"ABZ56E1","EXB0030",0.06,45,3,"ABZ56"
"ABZ58E1","EXB0030",1.22,45,55,"ABZ58"
"ABZ62E1","EXB0030",3.73,45,168,"ABZ62"
"ABZ64E1","EXB0030",0.18,45,8,"ABZ64"
"ABZ66E1","EXB0030",5.05,45,227,"ABZ66"
"ABZ68E1","EXB0030",3.77,45,170,"ABZ68"
"AGF06E1","EXB0030",13.1,45,590,"AGF06"
"AGF10E1","EXB0030",8.71,45,392,"AGF10"
"AGF18E1","EXB0030",0.5,45,23,"AGF18"
"AGF24E1","EXB0030",1.58,45,71,"AGF24"
"AGF26E1","EXB0030",0.73,45,33,"AGF26"
"AGF86E1","EXB0030",0.4,45,18,"AGF86"
"AGF90E1","EXB0030",1.34,45,60,"AGF90"
"AGF91E1","EXB0030",1.13,45,51,"AGF91"
"AGF95E1","EXB0030",2.23,45,100,"AGF95"
"AGF98E1","EXB0030",1.05,45,47,"AGF98"
"AGH20E1","EXB0030",0.24,45,11,"AGH20"
"AGH22E1","EXB0030",16.3,45,734,"AGH22"
"AGH23E1","EXB0030",1.78,45,80,"AGH23"
"AGH24E1","EXB0030",6.15,45,277,"AGH24"
"AGH37E1","EXB0030",0.67,45,30,"AGH37"
"AGH38E1","EXB0030",0.55,45,25,"AGH38"
"AGH42E1","EXB0030",1.91,45,86,"AGH42"
"AGH43E1","EXB0030",0.01,45,1,"AGH43"
"AGH49E1","EXB0030",1.39,45,63,"AGH49"
"C1_EXB0030E1","EXB0030",0.04,45,2,"C1_EXB0030"
"ABS02E2","EXB0031",7.3,45,329,"ABS02"
"ABS12E2","EXB0031",0.72,45,32,"ABS12"
"ABS20E2","EXB0031",0,45,0,"ABS20"
"ABS26E2","EXB0031",1.8,45,81,"ABS26"
"ABS28E2","EXB0031",1.62,45,73,"ABS28"
"ABS32E2","EXB0031",0.62,45,28,"ABS32"
"ABS40E2","EXB0031",0.56,45,25,"ABS40"
"ABS42E2","EXB0031",0.61,45,27,"ABS42"
"ABS92E2","EXB0031",0.37,45,16,"ABS92"
"ABS94E2","EXB0031",0.57,45,26,"ABS94"
"ABS96E2","EXB0031",1.02,45,46,"ABS96"
"ACO90E2","EXB0031",0.49,45,22,"ACO90"
"ACO91E2","EXB0031",0.83,45,37,"ACO91"
"ACP12E2","EXB0031",0.11,45,5,"ACP12"
"ACP13E2","EXB0031",0.3,45,13,"ACP13"
"ACX32E2","EXB0031",1.13,45,51,"ACX32"
"ACX40E2","EXB0031",0,45,0,"ACX40"
"ACX42E2","EXB0031",0.11,45,5,"ACX42"
"ADA63E2","EXB0031",1.59,45,72,"ADA63"
"ADA65E2","EXB0031",0.06,45,3,"ADA65"
"ADA67E2","EXB0031",1.95,30,59,"ADA67"
"ADA68E2","EXB0031",0.66,45,29,"ADA68"
"ADA70E2","EXB0031",1.35,45,61,"ADA70"
"ADA72E2","EXB0031",0.25,45,11,"ADA72"
"ADV25E2","EXB0031",1.63,45,73,"ADV25"
"ADV55E2","EXB0031",0,45,0,"ADV55"
"ADV57E2","EXB0031",0,45,0,"ADV57"
"ABG38E2","EXB0031",0.67,45,30,"ABG38"
"ABG57E2","EXB0031",3.45,45,155,"ABG57"
"AAM53E2","EXB0031",1.03,45,46,"AAM53"
"ADK31E2","EXB0031",0.13,45,6,"ADK31"
"ADK23E2","EXB0031",6.08,45,274,"ADK23"
"ADK10E2","EXB0031",0.49,45,22,"ADK10"
"ADJ92E2","EXB0031",11.6,45,522,"ADJ92"
"ACZ33E2","EXB0031",1.15,45,52,"ACZ33"
"C1_EXB0031E1","EXB0031",0,45,0,"C1_EXB0031"
"ABI39E1","EXB0037",24.2,45,1089,"ABI39"
"ABI41E1","EXB0037",20.4,45,918,"ABI41"
"ABI43E1","EXB0037",58.3,45,2624,"ABI43"
"ABI45E1","EXB0037",16.1,45,725,"ABI45"
"ABI57E1","EXB0037",56.7,45,2552,"ABI57"
"ABI59E1","EXB0037",45.4,45,2043,"ABI59"
"ABK04E1","EXB0037",21.3,45,959,"ABK04"
"ABK06E1","EXB0037",12.3,45,554,"ABK06"
"ABK13E1","EXB0037",40.1,45,1805,"ABK13"
"ABK17E1","EXB0037",26.9,45,1211,"ABK17"
"ABK19E1","EXB0037",28.1,45,1265,"ABK19"
"ABK21E1","EXB0037",18.5,45,833,"ABK21"
"ABK43E1","EXB0037",14,45,630,"ABK43"
"ABK45E1","EXB0037",7.75,45,349,"ABK45"
"ABK47E1","EXB0037",33.3,45,1498,"ABK47"
"ABK49E1","EXB0037",13.9,45,626,"ABK49"
"ABK56E1","EXB0037",26.7,45,1202,"ABK56"
"ABK58E1","EXB0037",34.9,45,1571,"ABK58"
"ABK60E1","EXB0037",48.7,45,2192,"ABK60"
"ABK62E1","EXB0037",41.9,45,1886,"ABK62"
"ABK68E1","EXB0037",32.8,45,1476,"ABK68"
"ABK70E1","EXB0037",13.8,45,621,"ABK70"
"ABK72E1","EXB0037",51,45,2295,"ABK72"
"ABK74E1","EXB0037",22.9,45,1031,"ABK74"
"C1_EXB0037E1","EXB0037",0,45,0,"C1_EXB0037"
"AAH01E1","EXB0038",8.25,45,371,"AAH01"
"AAH13E1","EXB0038",3.48,45,157,"AAH13"
"AAH21E1","EXB0038",4.5,45,203,"AAH21"
"AAH39E1","EXB0038",5.11,45,230,"AAH39"
"AAH41E1","EXB0038",1.87,45,84,"AAH41"
"AAH53E1","EXB0038",0.51,45,23,"AAH53"
"AAH59E1","EXB0038",0.11,45,5,"AAH59"
"AAH63E1","EXB0038",0.16,45,7,"AAH63"
"AAH67E1","EXB0038",0.78,45,35,"AAH67"
"AAH77E1","EXB0038",0.41,45,18,"AAH77"
"AAH79E1","EXB0038",0.68,45,31,"AAH79"
"AAH83E1","EXB0038",0.29,45,13,"AAH83"
"AAH84E1","EXB0038",0.26,45,12,"AAH84"
"AAH89E1","EXB0038",0.19,45,8,"AAH89"
"AAI06E1","EXB0038",2.72,45,122,"AAI06"
"AAI10E1","EXB0038",2.71,45,122,"AAI10"
"AAI14E1","EXB0038",2.73,45,123,"AAI14"
"ACC86E1","EXB0038",0,45,0,"ACC86"
"ACC91E1","EXB0038",0,45,0,"ACC91"
"ACC98E1","EXB0038",0,45,0,"ACC98"
"ACD05E1","EXB0038",0,45,0,"ACD05"
"ACD06E1","EXB0038",0.16,45,7,"ACD06"
"ACD17E1","EXB0038",0,45,0,"ACD17"
"ACD19E1","EXB0038",0,45,0,"ACD19"
"ACD20E1","EXB0038",0.25,45,11,"ACD20"
"ACD23E1","EXB0038",0.14,45,6,"ACD23"
"ACD26E1","EXB0038",0,45,0,"ACD26"
"ACD65E1","EXB0038",0,45,0,"ACD65"
"ACD80E1","EXB0038",0,45,0,"ACD80"
"ACD85E1","EXB0038",0,45,0,"ACD85"
"ACD88E1","EXB0038",0,45,0,"ACD88"
"ACD92E1","EXB0038",0,45,0,"ACD92"
"ACD98E1","EXB0038",0,45,0,"ACD98"
"ACE08E1","EXB0038",0,45,0,"ACE08"
"ACE11E1","EXB0038",2.64,45,119,"ACE11"
"ACE21E1","EXB0038",0,45,0,"ACE21"
"ACE30E1","EXB0038",0,45,0,"ACE30"
"ACE33E1","EXB0038",0,45,0,"ACE33"
"ACE43E1","EXB0038",0,45,0,"ACE43"
"C1_EXB0038E1","EXB0038",0.08,45,3,"C1_EXB0038"
"AFO76E1","EXB0039",10.7,45,481,"AFO76"
"AFO79E1","EXB0039",2.33,45,105,"AFO79"
"AFO81E1","EXB0039",2.08,45,94,"AFO81"
"AFO89E1","EXB0039",4.56,45,205,"AFO89"
"AFO93E1","EXB0039",8.86,45,399,"AFO93"
"AFO95E1","EXB0039",1.01,45,45,"AFO95"
"AFO99E1","EXB0039",11.4,45,513,"AFO99"
"AFP03E1","EXB0039",0,45,0,"AFP03"
"AFP05E1","EXB0039",0,45,0,"AFP05"
"AFP15E1","EXB0039",6.87,45,309,"AFP15"
"AFP19E1","EXB0039",17.3,45,779,"AFP19"
"AFP29E1","EXB0039",0,45,0,"AFP29"
"AFP31E1","EXB0039",9.91,45,446,"AFP31"
"AFP35E1","EXB0039",6.14,45,276,"AFP35"
"AFP37E1","EXB0039",3.93,45,177,"AFP37"
"AFP39E1","EXB0039",1.83,45,82,"AFP39"
"AFP41E1","EXB0039",0.09,45,4,"AFP41"
"AFP45E1","EXB0039",7.44,45,335,"AFP45"
"AFP47E1","EXB0039",2.18,45,98,"AFP47"
"AFP49E1","EXB0039",0,45,0,"AFP49"
"AFP53E1","EXB0039",0.23,45,10,"AFP53"
"AFP55E1","EXB0039",0,45,0,"AFP55"
"AFP61E1","EXB0039",5.41,45,243,"AFP61"
"AFP66E1","EXB0039",46,45,2070,"AFP66"
"AFP71E1","EXB0039",2.48,45,112,"AFP71"
"AFP75E1","EXB0039",1.27,45,57,"AFP75"
"AFP79E1","EXB0039",6.11,45,275,"AFP79"
"AFP84E1","EXB0039",7.17,45,323,"AFP84"
"AFP91E1","EXB0039",4.54,45,204,"AFP91"
"AFP93E1","EXB0039",25.1,45,1130,"AFP93"
"AFP97E1","EXB0039",31.1,45,1400,"AFP97"
"C1_EXB0039E1","EXB0039",0,45,0,"C1_EXB0039"
"AFQ11E1","EXB0040",5.4,45,243,"AFQ11"
"AFQ17E1","EXB0040",5.78,45,260,"AFQ17"
"AFQ25E1","EXB0040",8.63,45,388,"AFQ25"
"AFQ29E1","EXB0040",19.6,45,882,"AFQ29"
"AFQ35E1","EXB0040",0.06,45,2,"AFQ35"
"ACX25E1","EXB0040",18.1,45,815,"ACX25"
"ACX27E1","EXB0040",23.9,45,1076,"ACX27"
"ACX55E1","EXB0040",5.59,45,252,"ACX55"
"AFQ09E1","EXB0040",36.3,45,1633,"AFQ09"
"AFQ40E1","EXB0040",15.1,45,680,"AFQ40"
"AFQ47E1","EXB0040",0.06,45,3,"AFQ47"
"AFQ51E1","EXB0040",26.3,45,1184,"AFQ51"
"AFQ89E1","EXB0040",0.1,45,5,"AFQ89"
"ACX29E1","EXB0040",13,45,585,"ACX29"
"ACX49E1","EXB0040",0,45,0,"ACX49"
"ACX53E1","EXB0040",0.98,45,44,"ACX53"
"AFQ45E1","EXB0040",0.18,45,8,"AFQ45"
"AFQ67E1","EXB0040",1.62,45,73,"AFQ67"
"AFQ69E1","EXB0040",21.3,45,959,"AFQ69"
"AFQ71E1","EXB0040",1.49,45,67,"AFQ71"
"AFQ81E1","EXB0040",1.86,45,84,"AFQ81"
"AFQ83E1","EXB0040",0.13,45,6,"AFQ83"
"AFQ93E1","EXB0040",0.98,45,44,"AFQ93"
"AFP01E1","EXB0040",0,45,0,"AFP01"
"ACX37E1","EXB0040",2.36,45,106,"ACX37"
"AFP85E1","EXB0040",28.9,45,1301,"AFP85"
"AFQ41E1","EXB0040",9.07,45,408,"AFQ41"
"AFQ49E1","EXB0040",22.8,45,1026,"AFQ49"
"AFQ65E1","EXB0040",1.35,45,61,"AFQ65"
"AFQ79E1","EXB0040",0.12,45,6,"AFQ79"
"AFQ85E1","EXB0040",6.41,45,288,"AFQ85"
"ACX69E1","EXB0040",0.59,45,26,"ACX69"
"ACX77E1","EXB0040",60,45,2700,"ACX77"
"ACX88E1","EXB0040",31.2,45,1404,"ACX88"
"ACY05E1","EXB0040",22.9,45,1031,"ACY05"
"ACY27E1","EXB0040",0.15,45,7,"ACY27"
"ACY29E1","EXB0040",11.2,45,504,"ACY29"
"C1_EXB0040E1","EXB0040",0,45,0,"C1_EXB0040"
"ABF99E1","EXB0041",46.2,45,2079,"ABF99"
"ABG09E1","EXB0041",9.27,45,417,"ABG09"
"ABQ08E1","EXB0041",29,45,1305,"ABQ08"
"ABQ40E1","EXB0041",3.33,45,150,"ABQ40"
"ABQ42E1","EXB0041",2.84,45,128,"ABQ42"
"ABQ43E1","EXB0041",2.35,45,106,"ABQ43"
"ABQ44E1","EXB0041",10.3,45,464,"ABQ44"
"ABQ45E1","EXB0041",21.7,45,977,"ABQ45"
"ABQ46E1","EXB0041",11.9,45,536,"ABQ46"
"ABQ50E1","EXB0041",2.2,45,99,"ABQ50"
"ABQ93E1","EXB0041",19.2,45,864,"ABQ93"
"ABQ95E1","EXB0041",22.8,45,1026,"ABQ95"
"ABR14E1","EXB0041",12.7,45,572,"ABR14"
"ABR29E1","EXB0041",1.82,45,82,"ABR29"
"AEV73E1","EXB0041",25,45,1125,"AEV73"
"AEV75E1","EXB0041",0.24,45,11,"AEV75"
"AEV79E1","EXB0041",21.1,45,950,"AEV79"
"AEV81E1","EXB0041",4.8,45,216,"AEV81"
"AEV83E1","EXB0041",0.19,45,8,"AEV83"
"AEV85E1","EXB0041",0.26,45,11,"AEV85"
"AEV97E1","EXB0041",0.21,45,9,"AEV97"
"AEX06E1","EXB0041",16.3,45,734,"AEX06"
"AEX07E1","EXB0041",29.9,45,1346,"AEX07"
"AEX08E1","EXB0041",10.9,45,491,"AEX08"
"AEX11E1","EXB0041",22.9,45,1031,"AEX11"
"AEX12E1","EXB0041",7.81,45,351,"AEX12"
"AEX14E1","EXB0041",9.75,45,439,"AEX14"
"AEX21E1","EXB0041",6.71,45,302,"AEX21"
"AEX22E1","EXB0041",2.44,45,110,"AEX22"
"AEX24E1","EXB0041",0.15,45,7,"AEX24"
"AEX26E1","EXB0041",0.62,45,28,"AEX26"
"AEX32E1","EXB0041",17.7,45,797,"AEX32"
"AEX36E1","EXB0041",37.8,45,1701,"AEX36"
"AEX37E1","EXB0041",4.09,45,184,"AEX37"
"AEX38E1","EXB0041",14.3,45,644,"AEX38"
"AEX41E1","EXB0041",8.01,45,360,"AEX41"
"AEX44E1","EXB0041",16.8,45,756,"AEX44"
"AEX46E1","EXB0041",18.2,45,819,"AEX46"
"AEX48E1","EXB0041",25.7,45,1157,"AEX48"
"AEX55E1","EXB0041",4.68,45,211,"AEX55"
"AEX59E1","EXB0041",0.86,45,39,"AEX59"
"AEX61E1","EXB0041",18,45,810,"AEX61"
"AEX63E1","EXB0041",31.6,45,1422,"AEX63"
"AEX72E1","EXB0041",1.96,45,88,"AEX72"
"AEX73E1","EXB0041",11.8,45,531,"AEX73"
"AEX74E1","EXB0041",15.3,45,689,"AEX74"
"AEX78E1","EXB0041",0.14,45,6,"AEX78"
"AEX89E1","EXB0041",10.3,45,464,"AEX89"
"AEX91E1","EXB0041",15.9,45,716,"AEX91"
"AEX92E1","EXB0041",12,45,540,"AEX92"
"AEX95E1","EXB0041",13.5,45,608,"AEX95"
"AEX97E1","EXB0041",26.2,45,1179,"AEX97"
"AEY21E1","EXB0041",9.34,45,420,"AEY21"
"AEY22E1","EXB0041",3.38,45,152,"AEY22"
"AEY25E1","EXB0041",14.2,45,639,"AEY25"
"AEY26E1","EXB0041",0.06,45,3,"AEY26"
"AEY27E1","EXB0041",2.14,45,96,"AEY27"
"AEY28E1","EXB0041",0.11,45,5,"AEY28"
"AEY29E1","EXB0041",0.09,45,4,"AEY29"
"AFK61E1","EXB0041",0.34,45,15,"AFK61"
"AFK63E1","EXB0041",1.6,45,72,"AFK63"
"AFK65E1","EXB0041",41.8,45,1881,"AFK65"
"AFK88E1","EXB0041",35.4,45,1593,"AFK88"
"AFK90E1","EXB0041",21.9,45,985,"AFK90"
"AFK92E1","EXB0041",5.97,45,269,"AFK92"
"AFL04E1","EXB0041",14.7,45,662,"AFL04"
"AFL05E1","EXB0041",16.5,45,743,"AFL05"
"AFL06E1","EXB0041",0.34,45,15,"AFL06"
"AFL08E1","EXB0041",14.2,45,639,"AFL08"
"AFL15E1","EXB0041",30.4,45,1368,"AFL15"
"AFL24E1","EXB0041",19.9,45,895,"AFL24"
"AFM23E1","EXB0041",19.7,45,887,"AFM23"
"AFM25E1","EXB0041",0.25,45,11,"AFM25"
"AFM27E1","EXB0041",0.5,45,22,"AFM27"
"AFM33E1","EXB0041",8.37,45,377,"AFM33"
"AFM35E1","EXB0041",11.7,45,527,"AFM35"
"AFM37E1","EXB0041",7.66,45,345,"AFM37"
"AFM39E1","EXB0041",1.82,45,82,"AFM39"
"AFM47E1","EXB0041",8.64,45,389,"AFM47"
"AFM55E1","EXB0041",21,45,945,"AFM55"
"AFM58E1","EXB0041",20.7,45,932,"AFM58"
"AFM60E1","EXB0041",15.2,45,684,"AFM60"
"AFM63E1","EXB0041",0.09,45,4,"AFM63"
"AFM65E1","EXB0041",9.02,45,406,"AFM65"
"AFM69E1","EXB0041",2.76,45,124,"AFM69"
"AFM71E1","EXB0041",0,45,0,"AFM71"
"AFM73E1","EXB0041",1.36,45,61,"AFM73"
"AFM75E1","EXB0041",3.49,45,157,"AFM75"
"AFM77E1","EXB0041",26.3,45,1184,"AFM77"
"AFM81E1","EXB0041",16.2,45,729,"AFM81"
"AFM85E1","EXB0041",8.28,45,373,"AFM85"
"AFM87E1","EXB0041",10.7,45,481,"AFM87"
"AFM89E1","EXB0041",3.43,45,154,"AFM89"
"AFM95E1","EXB0041",17.9,45,805,"AFM95"
"AFM98E1","EXB0041",12,45,540,"AFM98"
"C1_EXB0041E1","EXB0041",0,45,0,"C1_EXB0041"
"ACC84E1","EXB0043",0.08,45,3,"ACC84"
"ACC89E1","EXB0043",0.05,45,2,"ACC89"
"ACC93E1","EXB0043",0.08,45,4,"ACC93"
"ACD04E1","EXB0043",0.06,45,3,"ACD04"
"ACD11E1","EXB0043",0.04,45,2,"ACD11"
"ACD13E1","EXB0043",0.03,45,1,"ACD13"
"ACD21E1","EXB0043",0.07,45,3,"ACD21"
"ACD27E1","EXB0043",0.05,45,2,"ACD27"
"ACD28E1","EXB0043",0.03,45,1,"ACD28"
"ACD29E1","EXB0043",0.06,45,3,"ACD29"
"ACD32E1","EXB0043",0.11,45,5,"ACD32"
"ACD33E1","EXB0043",0.16,45,7,"ACD33"
"ACD34E1","EXB0043",0.1,45,5,"ACD34"
"ACD37E1","EXB0043",0.3,45,14,"ACD37"
"ACD40E1","EXB0043",0.05,45,2,"ACD40"
"ACD41E1","EXB0043",0.04,45,2,"ACD41"
"ACD44E1","EXB0043",0.03,45,1,"ACD44"
"ACD47E1","EXB0043",0.04,45,2,"ACD47"
"ACD49E1","EXB0043",0.05,45,2,"ACD49"
"ACD50E1","EXB0043",0.13,45,6,"ACD50"
"E1","EXB0043",0.03,45,1,""
"ACD53E1","EXB0043",0.03,45,1,"ACD53"
"ACD55E1","EXB0043",0.03,45,1,"ACD55"
"ACD58E1","EXB0043",0.03,45,1,"ACD58"
"ACD60E1","EXB0043",0.06,45,3,"ACD60"
"ACD61E1","EXB0043",0.13,45,6,"ACD61"
"ACD62E1","EXB0043",0.01,45,0,"ACD62"
"ACD66E1","EXB0043",0.07,45,3,"ACD66"
"ACD68E1","EXB0043",0.03,45,1,"ACD68"
"ACD74E1","EXB0043",0.28,45,13,"ACD74"
"ACD75E1","EXB0043",0.05,45,2,"ACD75"
"ACD76E1","EXB0043",0.05,45,2,"ACD76"
"ACD77E1","EXB0043",0.01,45,0,"ACD77"
"ACD78E1","EXB0043",0.05,45,2,"ACD78"
"ACD86E1","EXB0043",0.03,45,1,"ACD86"
"ACD87E1","EXB0043",0.02,45,1,"ACD87"
"ACD89E1","EXB0043",0.03,45,1,"ACD89"
"ACD94E1","EXB0043",0.1,45,5,"ACD94"
"ACD95E1","EXB0043",0.02,45,1,"ACD95"
"ACD97E1","EXB0043",0.07,45,3,"ACD97"
"ACD99E1","EXB0043",0.13,45,6,"ACD99"
"ACE02E1","EXB0043",0.21,45,9,"ACE02"
"ACE03E1","EXB0043",0.04,45,2,"ACE03"
"ACE06E1","EXB0043",0.03,45,1,"ACE06"
"ACE07E1","EXB0043",0.11,45,5,"ACE07"
"ACE10E1","EXB0043",0.02,45,1,"ACE10"
"ACE12E1","EXB0043",0.04,45,2,"ACE12"
"ACE14E1","EXB0043",0.04,45,2,"ACE14"
"ACE15E1","EXB0043",0.21,45,9,"ACE15"
"ACE17E1","EXB0043",0.1,45,4,"ACE17"
"ACE18E1","EXB0043",0.15,45,7,"ACE18"
"ACE20E1","EXB0043",0.05,45,2,"ACE20"
"ACE29E1","EXB0043",0.04,45,2,"ACE29"
"ACE31E1","EXB0043",0.03,45,1,"ACE31"
"ACE32E1","EXB0043",0.08,45,4,"ACE32"
"ACE35E1","EXB0043",9.35,45,421,"ACE35"
"ACE37E1","EXB0043",0.02,45,1,"ACE37"
"ACE38E1","EXB0043",1.66,45,75,"ACE38"
"ACE40E1","EXB0043",0.06,45,3,"ACE40"
"ACE45E1","EXB0043",0.03,45,2,"ACE45"
"ABD45E1","EXB0043",29.6,45,1332,"ABD45"
"ABD98E1","EXB0043",12.8,45,576,"ABD98"
"ABD99E1","EXB0043",29.2,45,1314,"ABD99"
"ABE20E1","EXB0043",4.28,45,193,"ABE20"
"ADC09E1","EXB0043",2.28,45,103,"ADC09"
"ADC11E1","EXB0043",0.31,45,14,"ADC11"
"ADC13E1","EXB0043",2.81,45,126,"ADC13"
"ADC15E1","EXB0043",3.55,45,160,"ADC15"
"ADC17E1","EXB0043",3.44,45,155,"ADC17"
"ADG35E1","EXB0043",9.79,45,441,"ADG35"
"ADG65E1","EXB0043",0.1,45,4,"ADG65"
"ADJ76E1","EXB0043",0.87,45,39,"ADJ76"
"ADJ86E1","EXB0043",6.15,45,277,"ADJ86"
"C1_EXB0043E1","EXB0043",0.01,45,0,"C1_EXB0043"
"AGG08E1","EXB0042",91.9,45,4136,"AGG08"
"AGG13E1","EXB0042",132,45,5940,"AGG13"
"AGG14E1","EXB0042",101,45,4545,"AGG14"
"AGG19E1","EXB0042",85.5,45,3848,"AGG19"
"AGG20E1","EXB0042",64.8,45,2916,"AGG20"
"C1_EXB0042E1","EXB0042",0,45,0,"C1_EXB0042"
"AGG07E1","EXB0044",72.2,45,3249,"AGG07"
"AGG09E1","EXB0044",60.4,45,2718,"AGG09"
"AGG10E1","EXB0044",117,45,5265,"AGG10"
"AGG11E1","EXB0044",84.9,45,3821,"AGG11"
"AGG12E1","EXB0044",55,45,2475,"AGG12"
"AGG15E1","EXB0044",88.4,45,3978,"AGG15"
"AGG16E1","EXB0044",58.1,45,2615,"AGG16"
"AGG17E1","EXB0044",68.4,45,3078,"AGG17"
"AGG18E1","EXB0044",0.3,45,13,"AGG18"
"AGG21E1","EXB0044",31.8,45,1431,"AGG21"
"C1_EXB0044E1","EXB0044",0,45,0,"C1_EXB0044"
"AAX80E1","EXB0045",0.73,45,33,"AAX80"
"AAY16E1","EXB0045",0.62,45,28,"AAY16"
"AAX74E1","EXB0045",0.19,45,9,"AAX74"
"AAX77E1","EXB0045",0.87,45,39,"AAX77"
"AAX78E1","EXB0045",1.08,45,49,"AAX78"
"AAX82E1","EXB0045",1.28,45,58,"AAX82"
"AAX84E1","EXB0045",0.08,45,3,"AAX84"
"AAY18E1","EXB0045",0.96,45,43,"AAY18"
"AAY25E1","EXB0045",0.06,45,3,"AAY25"
"AAY36E1","EXB0045",0,45,0,"AAY36"
"AAY38E1","EXB0045",0.51,45,23,"AAY38"
"OPAU16E1","EXB0045",0.46,45,21,"OPAU16"
"C1_EXB0045E1","EXB0045",0,45,0,"C1_EXB0045"
"ACX49E2","EXB0046",0,45,0,"ACX49"
"AFP01E2","EXB0046",0,45,0,"AFP01"
"AFP03E2","EXB0046",0.05,45,2,"AFP03"
"AFP05E2","EXB0046",0,45,0,"AFP05"
"AFP29E2","EXB0046",0,45,0,"AFP29"
"AFP49E2","EXB0046",0.1,45,4,"AFP49"
"AFP55E2","EXB0046",0.13,45,6,"AFP55"
"AFQ35E2","EXB0046",0.81,45,36,"AFQ35"
"AFQ47E2","EXB0046",0,45,0,"AFQ47"
"AFP41E2","EXB0046",0.13,45,6,"AFP41"
"AFQ89E2","EXB0046",0.76,45,34,"AFQ89"
"AFQ79E2","EXB0046",33,45,1485,"AFQ79"
"AFQ83E2","EXB0046",0,45,0,"AFQ83"
"ACY27E2","EXB0046",0.13,45,6,"ACY27"
"AFQ45E2","EXB0046",2.37,45,107,"AFQ45"
"AFP53E2","EXB0046",0.29,45,13,"AFP53"
"ACX69E2","EXB0046",0.53,45,24,"ACX69"
"ACX53E2","EXB0046",1.54,45,69,"ACX53"
"AFQ93E2","EXB0046",1.04,45,47,"AFQ93"
"AFO95E2","EXB0046",0.63,45,28,"AFO95"
"AFP75E2","EXB0046",6,45,270,"AFP75"
"AFQ65E2","EXB0046",1.01,45,45,"AFQ65"
"AFQ71E2","EXB0046",11,45,495,"AFQ71"
"AFQ67E2","EXB0046",3.48,45,157,"AFQ67"
"AFP39E2","EXB0046",1.14,45,51,"AFP39"
"AFQ81E2","EXB0046",1.95,45,88,"AFQ81"
"AFO81E2","EXB0046",5.03,45,226,"AFO81"
"AFP47E2","EXB0046",2.33,45,105,"AFP47"
"AFO79E2","EXB0046",4.02,45,181,"AFO79"
"ACX37E2","EXB0046",3.15,45,142,"ACX37"
"AFP71E2","EXB0046",2.03,45,91,"AFP71"
"AFP37E2","EXB0046",4.76,45,214,"AFP37"
"AFP91E2","EXB0046",6.36,45,286,"AFP91"
"AFO89E2","EXB0046",1.73,45,78,"AFO89"
"AFU64E1","EXB0046",0.89,45,40,"AFU64"
"AFU63E1","EXB0046",7.03,45,316,"AFU63"
"AFU67E1","EXB0046",20.4,45,918,"AFU67"
"AFU65E1","EXB0046",4.26,45,192,"AFU65"
"AFU61E1","EXB0046",23.6,45,1062,"AFU61"
"AFU68E1","EXB0046",20.6,45,927,"AFU68"
"AFU69E1","EXB0046",11.6,45,522,"AFU69"
"AFU66E1","EXB0046",8.75,45,394,"AFU66"
"AFU70E1","EXB0046",3.24,45,146,"AFU70"
"AFU76E1","EXB0046",7.65,45,344,"AFU76"
"AFU72E1","EXB0046",11.9,45,536,"AFU72"
"AFU85E1","EXB0046",0.63,45,28,"AFU85"
"AFU79E1","EXB0046",10.3,45,464,"AFU79"
"C1_EXB0046E1","EXB0046",0,45,0,"C1_EXB0046"
"AA01E1","EXB0047",117,45,5265,"AA01"
"AA96E1","EXB0047",158,45,7110,"AA96"
"AB04E1","EXB0047",0.5,45,23,"AB04"
"ABS11E1","EXB0047",11,45,495,"ABS11"
"ABS19E1","EXB0047",9.17,45,413,"ABS19"
"ABS39E1","EXB0047",8.2,45,369,"ABS39"
"ABW29E1","EXB0047",5.89,45,265,"ABW29"
"ABW33E1","EXB0047",3.15,45,142,"ABW33"
"ABW35E1","EXB0047",3.58,45,161,"ABW35"
"ABW38E1","EXB0047",4.05,45,182,"ABW38"
"ABW40E1","EXB0047",3.98,45,179,"ABW40"
"ABW45E1","EXB0047",6.95,45,313,"ABW45"
"ABZ25E1","EXB0047",69,45,3105,"ABZ25"
"ABZ28E1","EXB0047",70.8,45,3186,"ABZ28"
"ABZ31E1","EXB0047",85,45,3825,"ABZ31"
"ABZ35E1","EXB0047",16.5,45,743,"ABZ35"
"ABZ38E1","EXB0047",79.9,45,3596,"ABZ38"
"ADD84E1","EXB0047",39.6,45,1782,"ADD84"
"ADD92E1","EXB0047",49.1,45,2210,"ADD92"
"ADD96E1","EXB0047",52.4,45,2358,"ADD96"
"ADE04E1","EXB0047",21.7,45,977,"ADE04"
"ADE14E1","EXB0047",30.2,45,1359,"ADE14"
"ADU74E1","EXB0047",35.1,45,1580,"ADU74"
"C1_EXB0047E1","EXB0047",0,45,0,"C1_EXB0047"
"AA05E1","EXB0048",2.23,45,100,"AA05"
"AA16E1","EXB0048",7.9,45,356,"AA16"
"AA75E1","EXB0048",0.09,45,4,"AA75"
"AA84E1","EXB0048",0.3,45,14,"AA84"
"AA87E1","EXB0048",9.64,45,434,"AA87"
"AA90E1","EXB0048",6.32,45,284,"AA90"
"AA91E1","EXB0048",5.53,45,249,"AA91"
"AAL46E1","EXB0048",0.34,45,15,"AAL46"
"AAL55E1","EXB0048",0.49,45,22,"AAL55"
"AAM01E1","EXB0048",1.4,45,63,"AAM01"
"AAM32E1","EXB0048",0.77,45,35,"AAM32"
"AAM45E1","EXB0048",0.93,45,42,"AAM45"
"AAM50E1","EXB0048",0.57,45,26,"AAM50"
"AAN05E1","EXB0048",2.87,45,129,"AAN05"
"AB01E1","EXB0048",1.18,45,53,"AB01"
"AB07E1","EXB0048",4.36,45,196,"AB07"
"AB10E1","EXB0048",7.99,45,360,"AB10"
"AB12E1","EXB0048",1.07,45,48,"AB12"
"ABF92E1","EXB0048",2.3,45,103,"ABF92"
"ABG01E1","EXB0048",0.4,45,18,"ABG01"
"ABG19E1","EXB0048",3.41,45,153,"ABG19"
"ABG29E1","EXB0048",1.92,45,86,"ABG29"
"ABG46E1","EXB0048",0.25,45,11,"ABG46"
"ABG47E1","EXB0048",0.99,45,44,"ABG47"
"ABG66E1","EXB0048",9.26,45,417,"ABG66"
"ABN46E1","EXB0048",0.84,45,38,"ABN46"
"ABN91E1","EXB0048",9.08,45,409,"ABN91"
"ABO02E1","EXB0048",16.8,45,756,"ABO02"
"ABO04E1","EXB0048",4.15,45,187,"ABO04"
"ABO06E1","EXB0048",8.19,45,369,"ABO06"
"ABO35E1","EXB0048",8.56,45,385,"ABO35"
"ABO44E1","EXB0048",6.48,45,292,"ABO44"
"ABO53E1","EXB0048",23.7,45,1067,"ABO53"
"ABP10E1","EXB0048",25.5,45,1148,"ABP10"
"ABP28E1","EXB0048",8.38,45,377,"ABP28"
"ABP46E1","EXB0048",3.22,45,145,"ABP46"
"ABP93E1","EXB0048",4.71,45,212,"ABP93"
"ABQ03E1","EXB0048",4.08,45,184,"ABQ03"
"ABQ13E1","EXB0048",1.48,45,67,"ABQ13"
"ABQ22E1","EXB0048",4.71,45,212,"ABQ22"
"ABQ25E1","EXB0048",9.73,45,438,"ABQ25"
"ABQ29E1","EXB0048",3.45,45,155,"ABQ29"
"ABS91E1","EXB0048",0.82,45,37,"ABS91"
"ABS93E1","EXB0048",0.38,45,17,"ABS93"
"ABS95E1","EXB0048",1.07,45,48,"ABS95"
"C1_EXB0048E1","EXB0048",0,45,0,"C1_EXB0048"
"AAQ42E1","EXB0049",5.59,45,252,"AAQ42"
"AAQ43E1","EXB0049",6.38,45,287,"AAQ43"
"AAQ45E1","EXB0049",7.08,45,319,"AAQ45"
"AAQ47E1","EXB0049",4.2,45,189,"AAQ47"
"AAQ51E1","EXB0049",4.9,45,221,"AAQ51"
"ABS01E1","EXB0049",7.47,45,336,"ABS01"
"ABS25E1","EXB0049",12.5,45,563,"ABS25"
"ABS27E1","EXB0049",15.4,45,693,"ABS27"
"ABS31E1","EXB0049",4.42,45,199,"ABS31"
"ABS41E1","EXB0049",13,45,585,"ABS41"
"ABZ42E1","EXB0049",75.5,45,3398,"ABZ42"
"ABZ51E1","EXB0049",44.3,45,1993,"ABZ51"
"ADD86E1","EXB0049",39.3,45,1768,"ADD86"
"ADD89E1","EXB0049",22.9,45,1031,"ADD89"
"ADE09E1","EXB0049",24.3,45,1094,"ADE09"
"ADW16E1","EXB0049",62.3,45,2804,"ADW16"
"C1_EXB0049E1","EXB0049",0,45,0,"C1_EXB0049"
"AAQ46E1","EXB0050",0.33,45,15,"AAQ46"
"AAQ48E1","EXB0050",0.13,45,6,"AAQ48"
"AAQ52E1","EXB0050",0.16,45,7,"AAQ52"
"ABP75E1","EXB0050",1.33,45,60,"ABP75"
"ABQ10E1","EXB0050",2.61,45,117,"ABQ10"
"ABQ28E1","EXB0050",7.41,45,333,"ABQ28"
"ABQ53E1","EXB0050",1.24,45,56,"ABQ53"
"ABQ58E1","EXB0050",0.36,45,16,"ABQ58"
"ABQ67E1","EXB0050",11.4,45,513,"ABQ67"
"ABQ79E1","EXB0050",0.24,45,11,"ABQ79"
"ABQ86E1","EXB0050",2.36,45,106,"ABQ86"
"ABS04E1","EXB0050",1.76,45,79,"ABS04"
"ABS06E1","EXB0050",1.25,45,56,"ABS06"
"ABS08E1","EXB0050",1.56,45,70,"ABS08"
"ABS10E1","EXB0050",2.26,45,102,"ABS10"
"ABW31E1","EXB0050",6.11,45,275,"ABW31"
"ABZ27E1","EXB0050",18.6,45,837,"ABZ27"
"ABZ30E1","EXB0050",22,45,990,"ABZ30"
"ABZ41E1","EXB0050",6.16,45,277,"ABZ41"
"ABZ49E1","EXB0050",17.6,45,792,"ABZ49"
"ACB33E1","EXB0050",4.08,45,184,"ACB33"
"ACB34E1","EXB0050",0.43,45,20,"ACB34"
"ACB35E1","EXB0050",0.66,45,30,"ACB35"
"ACB47E1","EXB0050",2.47,45,111,"ACB47"
"ACC85E1","EXB0050",0,45,0,"ACC85"
"ACC96E1","EXB0050",0.06,45,3,"ACC96"
"ACD01E1","EXB0050",0,45,0,"ACD01"
"ACD09E1","EXB0050",0,45,0,"ACD09"
"ACD14E1","EXB0050",0,45,0,"ACD14"
"ACD22E1","EXB0050",0,45,0,"ACD22"
"ACD69E1","EXB0050",0,45,0,"ACD69"
"ACD71E1","EXB0050",0,45,0,"ACD71"
"ACD82E1","EXB0050",0.07,45,3,"ACD82"
"ACD96E1","EXB0050",0,45,0,"ACD96"
"ACE19E1","EXB0050",0,45,0,"ACE19"
"ACE25E1","EXB0050",0,45,0,"ACE25"
"ACE36E1","EXB0050",0.08,45,3,"ACE36"
"ACE39E1","EXB0050",0,45,0,"ACE39"
"ACZ93E1","EXB0050",1.93,45,87,"ACZ93"
"ACZ95E1","EXB0050",0.96,45,43,"ACZ95"
"ACZ97E1","EXB0050",1.36,45,61,"ACZ97"
"ACZ99E1","EXB0050",2.35,45,106,"ACZ99"
"ADA12E1","EXB0050",2.86,45,129,"ADA12"
"ADA14E1","EXB0050",1.78,45,80,"ADA14"
"ADA16E1","EXB0050",1.95,45,88,"ADA16"
"ADA18E1","EXB0050",0.91,45,41,"ADA18"
"C1_EXB0050E1","EXB0050",0,45,0,"C1_EXB0050"
"ACR75E1","EXB0051",44.5,45,2003,"ACR75"
"ACR94E1","EXB0051",8.39,45,378,"ACR94"
"ACR98E1","EXB0051",29.1,45,1310,"ACR98"
"ACS06E1","EXB0051",19.5,45,878,"ACS06"
"ACS08E1","EXB0051",22.9,45,1031,"ACS08"
"ACS09E1","EXB0051",4.51,45,203,"ACS09"
"ACS15E1","EXB0051",9.52,45,428,"ACS15"
"ACS16E1","EXB0051",37.2,45,1674,"ACS16"
"ACS22E1","EXB0051",12.2,45,549,"ACS22"
"ACS24E1","EXB0051",11.5,45,518,"ACS24"
"ACS26E1","EXB0051",17.5,45,788,"ACS26"
"ACS33E1","EXB0051",18.9,45,850,"ACS33"
"ACS42E1","EXB0051",20.6,45,927,"ACS42"
"ACS52E1","EXB0051",44.3,45,1993,"ACS52"
"AEA43E1","EXB0051",6.01,45,270,"AEA43"
"AEA48E1","EXB0051",25.1,45,1130,"AEA48"
"AEA58E1","EXB0051",23.2,45,1044,"AEA58"
"AEA63E1","EXB0051",1.48,45,67,"AEA63"
"AEA73E1","EXB0051",1.86,45,84,"AEA73"
"AEA75E1","EXB0051",7.59,45,342,"AEA75"
"AEA82E1","EXB0051",1.27,45,57,"AEA82"
"AEA85E1","EXB0051",2.12,45,95,"AEA85"
"AEA94E1","EXB0051",8.5,45,383,"AEA94"
"AEB01E1","EXB0051",0.83,45,37,"AEB01"
"AEB12E1","EXB0051",1.39,45,63,"AEB12"
"AEB37E1","EXB0051",19.5,45,878,"AEB37"
"AEC25E1","EXB0051",2.48,45,112,"AEC25"
"AEC29E1","EXB0051",11.5,45,518,"AEC29"
"AEC30E1","EXB0051",0.5,45,23,"AEC30"
"AEC35E1","EXB0051",4.6,45,207,"AEC35"
"AEC37E1","EXB0051",4.79,45,216,"AEC37"
"AEC56E1","EXB0051",1.63,45,73,"AEC56"
"AEC57E1","EXB0051",6.32,45,284,"AEC57"
"AED03E1","EXB0051",2.55,45,115,"AED03"
"AED12E1","EXB0051",0.18,45,8,"AED12"
"AED21E1","EXB0051",4.49,45,202,"AED21"
"AED56E1","EXB0051",31.7,45,1427,"AED56"
"AED57E1","EXB0051",7.25,45,326,"AED57"
"AED65E1","EXB0051",10.4,45,468,"AED65"
"AED66E1","EXB0051",11.8,45,531,"AED66"
"AHQ46E1","EXB0051",10.8,45,486,"AHQ46"
"AHQ47E1","EXB0051",8.36,45,376,"AHQ47"
"AHQ48E1","EXB0051",7.54,45,339,"AHQ48"
"AHQ49E1","EXB0051",8.56,45,385,"AHQ49"
"AHQ50E1","EXB0051",22.9,45,1031,"AHQ50"
"AHQ52E1","EXB0051",5.31,45,239,"AHQ52"
"AHQ53E1","EXB0051",11.6,45,522,"AHQ53"
"AHQ54E1","EXB0051",2.75,45,124,"AHQ54"
"AHQ55E1","EXB0051",21.6,45,972,"AHQ55"
"AHQ56E1","EXB0051",12.4,45,558,"AHQ56"
"C1_EXB0051E1","EXB0051",0.01,45,0,"C1_EXB0051"
"AHI25E1","EXB0052",0,45,0,"AHI25"
"AHI26E1","EXB0052",0,45,0,"AHI26"
"AHI34E1","EXB0052",0,45,0,"AHI34"
"AHI35E1","EXB0052",0,45,0,"AHI35"
"AHI42E1","EXB0052",0,45,0,"AHI42"
"AHI43E1","EXB0052",0,45,0,"AHI43"
"AHI44E1","EXB0052",0,45,0,"AHI44"
"AHI51E1","EXB0052",0,45,0,"AHI51"
"AHI52E1","EXB0052",0,45,0,"AHI52"
"AHI53E1","EXB0052",0.06,45,2,"AHI53"
"AHI60E1","EXB0052",0,45,0,"AHI60"
"AHI61E1","EXB0052",0,45,0,"AHI61"
"AHI62E1","EXB0052",0.08,45,3,"AHI62"
"AHI69E1","EXB0052",0,45,0,"AHI69"
"AHI70E1","EXB0052",4.03,45,181,"AHI70"
"AHI71E1","EXB0052",0,45,0,"AHI71"
"AHI78E1","EXB0052",0,45,0,"AHI78"
"AHI79E1","EXB0052",7.25,45,326,"AHI79"
"AHI80E1","EXB0052",0,45,0,"AHI80"
"AHI87E1","EXB0052",0,45,0,"AHI87"
"AHI88E1","EXB0052",0,45,0,"AHI88"
"AHI89E1","EXB0052",0,45,0,"AHI89"
"AHI96E1","EXB0052",0,45,0,"AHI96"
"AHI97E1","EXB0052",0,45,0,"AHI97"
"AHI98E1","EXB0052",0.09,45,4,"AHI98"
"C1_EXB0052E1","EXB0052",0,45,0,"C1_EXB0052"
"AAN46E1","EXB0053",26.2,45,1179,"AAN46"
"AAN71E1","EXB0053",12.2,45,549,"AAN71"
"ACJ79E1","EXB0053",0.99,45,45,"ACJ79"
"ACJ82E1","EXB0053",0.37,45,17,"ACJ82"
"ACJ91E1","EXB0053",6.74,45,303,"ACJ91"
"ACJ97E1","EXB0053",0.72,45,33,"ACJ97"
"ACK69E1","EXB0053",1.4,45,63,"ACK69"
"ACK71E1","EXB0053",0.14,45,6,"ACK71"
"ACK74E1","EXB0053",1.33,45,60,"ACK74"
"ACK78E1","EXB0053",2.47,45,111,"ACK78"
"ACK80E1","EXB0053",0.43,45,20,"ACK80"
"ACK82E1","EXB0053",2.04,45,92,"ACK82"
"ACK84E1","EXB0053",1.95,45,88,"ACK84"
"ACK86E1","EXB0053",0.98,45,44,"ACK86"
"ACK88E1","EXB0053",0.14,45,6,"ACK88"
"ACK90E1","EXB0053",0.64,45,29,"ACK90"
"ADD79E1","EXB0053",1.08,45,49,"ADD79"
"AFN05E1","EXB0053",0.28,45,13,"AFN05"
"AFN17E1","EXB0053",0.21,45,9,"AFN17"
"AFN19E1","EXB0053",0.87,45,39,"AFN19"
"AFN30E1","EXB0053",0.67,45,30,"AFN30"
"AFN39E1","EXB0053",0.25,45,11,"AFN39"
"AFT42E1","EXB0053",0.13,45,6,"AFT42"
"AFT46E1","EXB0053",0.64,45,29,"AFT46"
"AFT49E1","EXB0053",0.46,45,21,"AFT49"
"AFT55E1","EXB0053",1.06,45,48,"AFT55"
"AFT57E1","EXB0053",0.66,45,30,"AFT57"
"AGJ21E1","EXB0053",2.55,45,115,"AGJ21"
"AGJ27E1","EXB0053",0.59,45,27,"AGJ27"
"AGJ38E1","EXB0053",1.35,45,61,"AGJ38"
"AGJ41E1","EXB0053",1.41,45,63,"AGJ41"
"C1_EXB0053E1","EXB0053",0.05,45,2,"C1_EXB0053"
"AIF75E1","EXB0054",0.07,45,3,"AIF75"
"AIF77E1","EXB0054",3.51,45,158,"AIF77"
"AIF79E1","EXB0054",10.9,45,491,"AIF79"
"AIF81E1","EXB0054",4.93,45,222,"AIF81"
"AIF86E1","EXB0054",0.29,45,13,"AIF86"
"AIF88E1","EXB0054",16,45,720,"AIF88"
"AIF90E1","EXB0054",4.94,45,222,"AIF90"
"AIF92E1","EXB0054",7.58,45,341,"AIF92"
"AIF97E1","EXB0054",3.19,45,144,"AIF97"
"AIF99E1","EXB0054",3.66,45,165,"AIF99"
"AIG02E1","EXB0054",6.28,45,283,"AIG02"
"AIG04E1","EXB0054",12.9,45,581,"AIG04"
"AIG75E1","EXB0054",6.3,45,284,"AIG75"
"AIG77E1","EXB0054",7.6,45,342,"AIG77"
"AIG79E1","EXB0054",6.01,45,270,"AIG79"
"AIG81E1","EXB0054",17,45,765,"AIG81"
"C1_EXB0054E1","EXB0054",0,45,0,"C1_EXB0054"
"AIF99E2","EXB0055",74,45,3330,"AIF99"
"AIF75E2","EXB0055",5.26,45,237,"AIF75"
"AIF81E2","EXB0055",32.3,45,1453,"AIF81"
"C1_EXB0055E1","EXB0055",0,45,0,"C1_EXB0055"
"AIF90E2","EXB0055",97,45,4365,"AIF90"
"AIF86E2","EXB0055",6.92,45,311,"AIF86"
"AIG02E2","EXB0055",73,45,3285,"AIG02"
"AIG04E2","EXB0055",18.9,45,850,"AIG04"
"AIF88E2","EXB0055",81,45,3645,"AIF88"
"AIG79E2","EXB0055",100,45,4500,"AIG79"
"AIF79E2","EXB0055",88,45,3960,"AIF79"
"AIF77E2","EXB0055",92,45,4140,"AIF77"
"AIG77E2","EXB0055",74,45,3330,"AIG77"
"AIG81E2","EXB0055",51,45,2295,"AIG81"
"AIF92E2","EXB0055",0,45,0,"AIF92"
"AIF97E2","EXB0055",27.8,45,1251,"AIF97"
"AIG75E2","EXB0055",33.4,45,1503,"AIG75"
"AIF53E1","EXB0056",8.97,45,404,"AIF53"
"AIF55E1","EXB0056",17,45,765,"AIF55"
"AIF57E1","EXB0056",13,45,585,"AIF57"
"AIF59E1","EXB0056",5.61,45,252,"AIF59"
"AIF64E1","EXB0056",0.76,45,34,"AIF64"
"AIF66E1","EXB0056",12.8,45,576,"AIF66"
"AIF68E1","EXB0056",12.8,45,576,"AIF68"
"AIF70E1","EXB0056",2.61,45,117,"AIF70"
"AIG09E1","EXB0056",5.87,45,264,"AIG09"
"AIG11E1","EXB0056",13.9,45,626,"AIG11"
"AIG13E1","EXB0056",11.2,45,504,"AIG13"
"AIG15E1","EXB0056",15.8,45,711,"AIG15"
"AIH20E1","EXB0056",0.56,45,25,"AIH20"
"AIH22E1","EXB0056",13.2,45,594,"AIH22"
"AIH24E1","EXB0056",7.09,45,319,"AIH24"
"AIH26E1","EXB0056",15.1,45,680,"AIH26"
"AIH42E1","EXB0056",0.8,45,36,"AIH42"
"AIH44E1","EXB0056",8.44,45,380,"AIH44"
"AIH46E1","EXB0056",11.7,45,527,"AIH46"
"AIH48E1","EXB0056",11.2,45,504,"AIH48"
"AIH53E1","EXB0056",1.44,45,65,"AIH53"
"AIH55E1","EXB0056",9.92,45,446,"AIH55"
"AIH57E1","EXB0056",4.79,45,216,"AIH57"
"AIH59E1","EXB0056",17.5,45,788,"AIH59"
"AIH64E1","EXB0056",2.05,45,92,"AIH64"
"AIH66E1","EXB0056",8.16,45,367,"AIH66"
"AIH68E1","EXB0056",9.05,45,407,"AIH68"
"AIH70E1","EXB0056",10.6,45,477,"AIH70"
"AIH75E1","EXB0056",2.42,45,109,"AIH75"
"AIH77E1","EXB0056",11.4,45,513,"AIH77"
"AIH79E1","EXB0056",15.8,45,711,"AIH79"
"AIH81E1","EXB0056",19.2,45,864,"AIH81"
"AIH97E1","EXB0056",0.57,45,26,"AIH97"
"AIH99E1","EXB0056",13.8,45,621,"AIH99"
"AII02E1","EXB0056",6.43,45,289,"AII02"
"AII04E1","EXB0056",9.59,45,432,"AII04"
"AII97E1","EXB0056",15.6,45,702,"AII97"
"AII99E1","EXB0056",14.2,45,639,"AII99"
"AIJ02E1","EXB0056",7.1,45,320,"AIJ02"
"AIJ04E1","EXB0056",23.4,45,1053,"AIJ04"
"C1_EXB0056E1","EXB0056",0,45,0,"C1_EXB0056"
"AIH46E2","EXB0057",71.5,45,3218,"AIH46"
"AIF70E2","EXB0057",0.69,45,31,"AIF70"
"AIF64E2","EXB0057",7.99,45,360,"AIF64"
"AIG11E2","EXB0057",55,45,2475,"AIG11"
"AIH64E2","EXB0057",0.58,45,26,"AIH64"
"AIF57E2","EXB0057",62.6,45,2817,"AIF57"
"AIF68E2","EXB0057",66.8,45,3006,"AIF68"
"AIH75E2","EXB0057",17.7,45,797,"AIH75"
"AII99E2","EXB0057",48.1,45,2165,"AII99"
"AIH99E2","EXB0057",53,45,2385,"AIH99"
"AII97E2","EXB0057",4.29,45,193,"AII97"
"AIH66E2","EXB0057",36.9,45,1661,"AIH66"
"AIH26E2","EXB0057",46.3,45,2084,"AIH26"
"AIH42E2","EXB0057",13,45,585,"AIH42"
"C1_EXB0057E1","EXB0057",0,45,0,"C1_EXB0057"
"AIH53E2","EXB0057",11.2,45,504,"AIH53"
"AIF55E2","EXB0057",62.7,45,2822,"AIF55"
"AIH22E2","EXB0057",54.9,45,2471,"AIH22"
"AIH48E2","EXB0057",26.9,45,1211,"AIH48"
"AII04E2","EXB0057",22.9,45,1031,"AII04"
"AIG13E2","EXB0057",56.9,45,2561,"AIG13"
"AIH44E2","EXB0057",59.3,45,2669,"AIH44"
"AIH55E2","EXB0057",72,45,3240,"AIH55"
"AIH81E2","EXB0057",8.7,45,391,"AIH81"
"AIH20E2","EXB0057",12.6,45,567,"AIH20"
"AIH77E2","EXB0057",41.4,45,1863,"AIH77"
"AIF59E2","EXB0057",40.9,45,1841,"AIF59"
"AIH68E2","EXB0057",38.7,45,1742,"AIH68"
"AIH70E2","EXB0057",19.4,45,873,"AIH70"
"AIF53E2","EXB0057",37.3,45,1678,"AIF53"
"AIH97E2","EXB0057",9.23,45,415,"AIH97"
"AIH24E2","EXB0057",41,45,1845,"AIH24"
"AIJ04E2","EXB0057",55.3,45,2489,"AIJ04"
"AIG15E2","EXB0057",27,45,1215,"AIG15"
"AIH79E2","EXB0057",39,45,1755,"AIH79"
"AIH59E2","EXB0057",38.3,45,1723,"AIH59"
"AIH57E2","EXB0057",58.5,45,2633,"AIH57"
"AIJ02E2","EXB0057",37.2,45,1674,"AIJ02"
"AIF66E2","EXB0057",32.9,45,1481,"AIF66"
"AIG09E2","EXB0057",14.5,45,653,"AIG09"
"AII02E2","EXB0057",50,45,2250,"AII02"
"AIG20E1","EXB0058",1.54,45,69,"AIG20"
"AIG22E1","EXB0058",42.9,45,1931,"AIG22"
"AIG24E1","EXB0058",20.7,45,932,"AIG24"
"AIG26E1","EXB0058",33,45,1485,"AIG26"
"AIG31E1","EXB0058",8.08,45,364,"AIG31"
"AIG33E1","EXB0058",15.3,45,689,"AIG33"
"AIG35E1","EXB0058",39.8,45,1791,"AIG35"
"AIG37E1","EXB0058",67.2,45,3024,"AIG37"
"AIG42E1","EXB0058",9.77,45,440,"AIG42"
"AIG44E1","EXB0058",5.11,45,230,"AIG44"
"AIG46E1","EXB0058",8.51,45,383,"AIG46"
"AIG48E1","EXB0058",3,45,135,"AIG48"
"AIH86E1","EXB0058",1.45,45,65,"AIH86"
"AIH88E1","EXB0058",19.2,45,864,"AIH88"
"AIH90E1","EXB0058",19,45,855,"AIH90"
"AIH92E1","EXB0058",35.5,45,1598,"AIH92"
"AII09E1","EXB0058",12.7,45,572,"AII09"
"AII11E1","EXB0058",11.7,45,527,"AII11"
"AII13E1","EXB0058",13.4,45,603,"AII13"
"AII15E1","EXB0058",35.3,45,1588,"AII15"
"AII20E1","EXB0058",1.68,45,76,"AII20"
"AII22E1","EXB0058",13.9,45,626,"AII22"
"AII24E1","EXB0058",28.8,45,1296,"AII24"
"AII26E1","EXB0058",32.1,45,1445,"AII26"
"AII31E1","EXB0058",1.05,45,47,"AII31"
"AII33E1","EXB0058",7.99,45,360,"AII33"
"AII35E1","EXB0058",12.2,45,549,"AII35"
"AII37E1","EXB0058",38.4,45,1728,"AII37"
"AIJ09E1","EXB0058",2.35,45,106,"AIJ09"
"AIJ11E1","EXB0058",18.9,45,850,"AIJ11"
"AIJ13E1","EXB0058",38.6,45,1737,"AIJ13"
"AIJ15E1","EXB0058",20.8,45,936,"AIJ15"
"AIJ20E1","EXB0058",12.3,45,554,"AIJ20"
"AIJ22E1","EXB0058",36.8,45,1656,"AIJ22"
"AIJ24E1","EXB0058",1.46,45,66,"AIJ24"
"AIJ26E1","EXB0058",10.4,45,468,"AIJ26"
"C1_EXB0058E1","EXB0058",0,45,0,"C1_EXB0058"
"AIG26E2","EXB0059",22.8,45,1026,"AIG26"
"AII35E2","EXB0059",82.8,45,3726,"AII35"
"AII37E2","EXB0059",5.69,45,256,"AII37"
"AIH90E2","EXB0059",150,45,6750,"AIH90"
"AII24E2","EXB0059",98.2,45,4419,"AII24"
"AIH88E2","EXB0059",153,45,6885,"AIH88"
"AII20E2","EXB0059",11.5,45,518,"AII20"
"AII26E2","EXB0059",50.6,45,2277,"AII26"
"AII11E2","EXB0059",148,45,6660,"AII11"
"AII13E2","EXB0059",48,45,2160,"AII13"
"AIJ22E2","EXB0059",133,45,5985,"AIJ22"
"AIG44E2","EXB0059",125,45,5625,"AIG44"
"C1_EXB0059E1","EXB0059",0,45,0,"C1_EXB0059"
"AII31E2","EXB0059",14.2,45,639,"AII31"
"AIG48E2","EXB0059",28.3,45,1274,"AIG48"
"AIJ13E2","EXB0059",99.3,45,4469,"AIJ13"
"AIG37E2","EXB0059",62.1,45,2795,"AIG37"
"AII22E2","EXB0059",80.1,45,3604,"AII22"
"AIJ24E2","EXB0059",156,45,7020,"AIJ24"
"AIG31E2","EXB0059",39,45,1755,"AIG31"
"AIJ11E2","EXB0059",102,45,4590,"AIJ11"
"AIJ09E2","EXB0059",39.9,45,1796,"AIJ09"
"AIH92E2","EXB0059",61.5,45,2768,"AIH92"
"AIJ15E2","EXB0059",32.7,45,1472,"AIJ15"
"AIG35E2","EXB0059",112,45,5040,"AIG35"
"AIG24E2","EXB0059",83.7,45,3767,"AIG24"
"AIG42E2","EXB0059",28.5,45,1283,"AIG42"
"AIG46E2","EXB0059",122,45,5490,"AIG46"
"AII09E2","EXB0059",9.39,45,423,"AII09"
"AII33E2","EXB0059",143,45,6435,"AII33"
"AIG33E2","EXB0059",56.6,45,2547,"AIG33"
"AIJ20E2","EXB0059",24.3,45,1094,"AIJ20"
"AIG22E2","EXB0059",88.7,45,3992,"AIG22"
"AII15E2","EXB0059",0.31,45,14,"AII15"
"AIG20E2","EXB0059",15.2,45,684,"AIG20"
"AIH86E2","EXB0059",17.3,45,779,"AIH86"
"AIJ26E2","EXB0059",48.9,45,2201,"AIJ26"
"AAD28E1","EXB0060",0.11,45,5,"AAD28"
"AAD29E1","EXB0060",0.19,45,8,"AAD29"
"AAD30E1","EXB0060",0.54,45,24,"AAD30"
"AAD31E1","EXB0060",0.54,45,24,"AAD31"
"AAD32E1","EXB0060",0.44,45,20,"AAD32"
"AAD33E1","EXB0060",2.44,45,110,"AAD33"
"AAD34E1","EXB0060",0.05,45,2,"AAD34"
"AAD35E1","EXB0060",0.09,45,4,"AAD35"
"AAD36E1","EXB0060",2.67,45,120,"AAD36"
"AAD37E1","EXB0060",1.59,45,72,"AAD37"
"AAD38E1","EXB0060",0.68,45,31,"AAD38"
"AAD39E1","EXB0060",1.87,45,84,"AAD39"
"AAD40E1","EXB0060",1.75,45,79,"AAD40"
"AAD41E1","EXB0060",1.93,45,87,"AAD41"
"AAD42E1","EXB0060",0.6,45,27,"AAD42"
"AAD43E1","EXB0060",3.4,45,153,"AAD43"
"AAD44E1","EXB0060",1.51,45,68,"AAD44"
"AAD45E1","EXB0060",0.17,45,8,"AAD45"
"AAD46E1","EXB0060",1.2,45,54,"AAD46"
"AAD51E1","EXB0060",3.54,45,159,"AAD51"
"AAD53E1","EXB0060",0.97,45,44,"AAD53"
"AAD56E1","EXB0060",0.86,45,39,"AAD56"
"AAD57E1","EXB0060",2.18,45,98,"AAD57"
"AAD61E1","EXB0060",0.08,45,4,"AAD61"
"AAD62E1","EXB0060",3.44,45,155,"AAD62"
"AAE10E1","EXB0060",1.2,45,54,"AAE10"
"AAE11E1","EXB0060",0.7,45,31,"AAE11"
"AAE12E1","EXB0060",1.83,45,82,"AAE12"
"AAE13E1","EXB0060",0.61,45,28,"AAE13"
"AAE14E1","EXB0060",0.36,45,16,"AAE14"
"AAE15E1","EXB0060",0.53,45,24,"AAE15"
"AAE16E1","EXB0060",0.06,45,3,"AAE16"
"AAE17E1","EXB0060",4.09,45,184,"AAE17"
"AAE18E1","EXB0060",0.49,45,22,"AAE18"
"AAE19E1","EXB0060",1.28,45,58,"AAE19"
"AAE20E1","EXB0060",2.4,45,108,"AAE20"
"AAE21E1","EXB0060",1.92,45,86,"AAE21"
"AAE22E1","EXB0060",1.72,45,77,"AAE22"
"AAE23E1","EXB0060",0.7,45,31,"AAE23"
"AAE24E1","EXB0060",0.87,45,39,"AAE24"
"AAE25E1","EXB0060",1.21,45,54,"AAE25"
"AAE62E1","EXB0060",0.53,45,24,"AAE62"
"AAE63E1","EXB0060",0.22,45,10,"AAE63"
"AAE66E1","EXB0060",1.35,45,61,"AAE66"
"AAE67E1","EXB0060",3.15,45,142,"AAE67"
"AAE68E1","EXB0060",0.21,45,9,"AAE68"
"AAE69E1","EXB0060",1.52,45,68,"AAE69"
"C1_EXB0060E1","EXB0060",0,45,0,"C1_EXB0060"
"AGY65E1","EXB0061",0.16,45,7,"AGY65"
"AGY66E1","EXB0061",0.21,45,9,"AGY66"
"AGY67E1","EXB0061",0.68,45,30,"AGY67"
"AGY68E1","EXB0061",0.78,45,35,"AGY68"
"AGY85E1","EXB0061",0.62,45,28,"AGY85"
"AGY86E1","EXB0061",0.24,45,11,"AGY86"
"AGY87E1","EXB0061",0.57,45,26,"AGY87"
"AGY88E1","EXB0061",0.67,45,30,"AGY88"
"AGY89E1","EXB0061",0.09,45,4,"AGY89"
"AGZ02E1","EXB0061",0.17,45,8,"AGZ02"
"AGZ03E1","EXB0061",0.24,45,11,"AGZ03"
"AGZ04E1","EXB0061",4.62,45,208,"AGZ04"
"AGZ05E1","EXB0061",5.6,45,252,"AGZ05"
"AGZ06E1","EXB0061",0.1,45,4,"AGZ06"
"AGZ07E1","EXB0061",0.18,45,8,"AGZ07"
"AGZ14E1","EXB0061",0.05,45,2,"AGZ14"
"AGZ15E1","EXB0061",0.09,45,4,"AGZ15"
"AGZ16E1","EXB0061",0.1,45,4,"AGZ16"
"AGZ17E1","EXB0061",0.15,45,7,"AGZ17"
"AGZ18E1","EXB0061",0.25,45,11,"AGZ18"
"AGZ19E1","EXB0061",0.83,45,38,"AGZ19"
"AGZ20E1","EXB0061",0.17,45,8,"AGZ20"
"AGZ21E1","EXB0061",0.13,45,6,"AGZ21"
"AGZ30E1","EXB0061",7.18,45,323,"AGZ30"
"AGZ31E1","EXB0061",8.3,45,374,"AGZ31"
"AGZ38E1","EXB0061",1.73,45,78,"AGZ38"
"AGZ39E1","EXB0061",1.11,45,50,"AGZ39"
"AGZ40E1","EXB0061",0.03,45,1,"AGZ40"
"AGZ41E1","EXB0061",0.1,45,4,"AGZ41"
"AGZ42E1","EXB0061",0.18,45,8,"AGZ42"
"AGZ43E1","EXB0061",1.44,45,65,"AGZ43"
"AGZ50E1","EXB0061",0.17,45,7,"AGZ50"
"AGZ51E1","EXB0061",0.23,45,10,"AGZ51"
"AGZ52E1","EXB0061",0.25,45,11,"AGZ52"
"AGZ53E1","EXB0061",0.07,45,3,"AGZ53"
"AGZ55E1","EXB0061",0.13,45,6,"AGZ55"
"AGZ61E1","EXB0061",0.04,45,2,"AGZ61"
"AGZ62E1","EXB0061",0.63,45,28,"AGZ62"
"AGZ69E1","EXB0061",0.17,45,8,"AGZ69"
"AGZ70E1","EXB0061",0.26,45,12,"AGZ70"
"AGZ71E1","EXB0061",0.09,45,4,"AGZ71"
"AGZ72E1","EXB0061",0.2,45,9,"AGZ72"
"AGZ75E1","EXB0061",0.25,45,11,"AGZ75"
"AGZ77E1","EXB0061",0.28,45,13,"AGZ77"
"AGZ79E1","EXB0061",0.2,45,9,"AGZ79"
"AGZ80E1","EXB0061",0.46,45,20,"AGZ80"
"AGZ90E1","EXB0061",0.1,45,5,"AGZ90"
"ACR76E1","EXB0061",0.22,45,10,"ACR76"
"ACR77E1","EXB0061",0.26,45,12,"ACR77"
"ACR95E1","EXB0061",0.14,45,7,"ACR95"
"ACS04E1","EXB0061",1.85,45,83,"ACS04"
"ACS32E1","EXB0061",0.49,45,22,"ACS32"
"ACS51E1","EXB0061",0.17,45,8,"ACS51"
"ACS53E1","EXB0061",0.12,45,5,"ACS53"
"AEA77E1","EXB0061",1.68,45,76,"AEA77"
"AEA84E1","EXB0061",1.69,45,76,"AEA84"
"AEB20E1","EXB0061",1.49,45,67,"AEB20"
"C1_EXB0061E1","EXB0061",0,45,0,"C1_EXB0061"
"AGB78E1","EXB0062",4.57,45,206,"AGB78"
"AGB79E1","EXB0062",8,45,360,"AGB79"
"AGB81E1","EXB0062",0.67,45,30,"AGB81"
"AGB82E1","EXB0062",5.3,45,239,"AGB82"
"AGB87E1","EXB0062",3.8,45,171,"AGB87"
"AGB90E1","EXB0062",2.88,45,130,"AGB90"
"AGB96E1","EXB0062",3.46,45,156,"AGB96"
"AGB97E1","EXB0062",4.84,45,218,"AGB97"
"AGB99E1","EXB0062",5.2,45,234,"AGB99"
"AGC05E1","EXB0062",8.9,45,401,"AGC05"
"AGC06E1","EXB0062",5.19,45,234,"AGC06"
"AGC09E1","EXB0062",24.6,45,1107,"AGC09"
"AGC12E1","EXB0062",5.34,45,240,"AGC12"
"AGC18E1","EXB0062",4.29,45,193,"AGC18"
"AGC23E1","EXB0062",7.51,45,338,"AGC23"
"AGC24E1","EXB0062",2.68,45,121,"AGC24"
"AGC29E1","EXB0062",4.81,45,216,"AGC29"
"AGC32E1","EXB0062",7.67,45,345,"AGC32"
"AGC33E1","EXB0062",22.9,45,1031,"AGC33"
"AGC34E1","EXB0062",2.4,45,108,"AGC34"
"AGC36E1","EXB0062",1.04,45,47,"AGC36"
"AGC4E1","EXB0062",10.5,45,473,"AGC4"
"AGC41E1","EXB0062",1.09,45,49,"AGC41"
"AGC42E1","EXB0062",3.66,45,165,"AGC42"
"AGC46E1","EXB0062",9.99,45,450,"AGC46"
"AGC48E1","EXB0062",2.24,45,101,"AGC48"
"AGC50E1","EXB0062",15.4,45,693,"AGC50"
"AGC51E1","EXB0062",7.73,45,348,"AGC51"
"AGC55E1","EXB0062",1.11,45,50,"AGC55"
"AGC94E1","EXB0062",33.7,45,1517,"AGC94"
"AGC96E1","EXB0062",6.1,45,275,"AGC96"
"AGC98E1","EXB0062",13.5,45,608,"AGC98"
"AGD02E1","EXB0062",16,45,720,"AGD02"
"AGD04E1","EXB0062",18.6,45,837,"AGD04"
"AGD06E1","EXB0062",12,45,540,"AGD06"
"AGD07E1","EXB0062",28.9,45,1301,"AGD07"
"AGD09E1","EXB0062",15.2,45,684,"AGD09"
"AGD10E1","EXB0062",12.6,45,567,"AGD10"
"AGD11E1","EXB0062",14.8,45,666,"AGD11"
"AGD12E1","EXB0062",20.7,45,932,"AGD12"
"AGD14E1","EXB0062",12.9,45,581,"AGD14"
"AGD15E1","EXB0062",49.3,45,2219,"AGD15"
"AGD17E1","EXB0062",12.9,45,581,"AGD17"
"AGD18E1","EXB0062",56.9,45,2561,"AGD18"
"AGD19E1","EXB0062",24.2,45,1089,"AGD19"
"AGD20E1","EXB0062",34.9,45,1571,"AGD20"
"AGD21E1","EXB0062",38.7,45,1742,"AGD21"
"AGD24E1","EXB0062",25.4,45,1143,"AGD24"
"AGD28E1","EXB0062",22.8,45,1026,"AGD28"
"AGD29E1","EXB0062",31.9,45,1436,"AGD29"
"AGD32E1","EXB0062",18.8,45,846,"AGD32"
"AGD33E1","EXB0062",12.7,45,572,"AGD33"
"AGD34E1","EXB0062",24,45,1080,"AGD34"
"AGD36E1","EXB0062",20.6,45,927,"AGD36"
"AGD37E1","EXB0062",26.5,45,1193,"AGD37"
"AGD38E1","EXB0062",17.8,45,801,"AGD38"
"AGD39E1","EXB0062",11.1,45,500,"AGD39"
"AGD40E1","EXB0062",17.5,45,788,"AGD40"
"C1_EXB0062E1","EXB0062",0.07,45,3,"C1_EXB0062"
