"","extraction_id","extraction_batch","extraction_concentration","extraction_volume","extraction_total","sample_id"
"1","AAB74E1","EXB0002",0,45,0,"AAB74"
"2","AAC07E1","EXB0002",0.09,45,4,"AAC07"
"3","AAB96E1","EXB0002",0.85,45,38,"AAB96"
"4","AAB84E1","EXB0002",2.06,45,93,"AAB84"
"5","AAB69E1","EXB0002",0,45,0,"AAB69"
"6","AAB64E1","EXB0002",0.38,45,17,"AAB64"
"7","AAC55E1","EXB0002",0.28,45,13,"AAC55"
"8","AAD09E1","EXB0002",0,45,0,"AAD09"
"9","AAC14E1","EXB0002",0.14,45,6,"AAC14"
"10","AAC09E1","EXB0002",1.35,45,61,"AAC09"
"11","AAC40E1","EXB0002",0.09,45,4,"AAC40"
"12","AAC21E1","EXB0002",0,45,0,"AAC21"
"13","AAC33E1","EXB0002",34.8,45,1566,"AAC33"
"14","AAC26E1","EXB0002",0,45,0,"AAC26"
"15","AAC06E1","EXB0002",0,45,0,"AAC06"
"16","AAB78E1","EXB0002",0.07,45,3,"AAB78"
"17","AAC79E1","EXB0002",0,45,0,"AAC79"
"18","AAC15E1","EXB0002",0.07,45,3,"AAC15"
"19","AAC28E1","EXB0002",0,45,0,"AAC28"
"20","AAC36E1","EXB0002",0.13,45,6,"AAC36"
"21","AAW10E1","EXB0002",3.05,45,137,"AAW10"
"22","AAW16E1","EXB0002",22.9,45,1031,"AAW16"
"23","C1_EXB0002E1","EXB0002",0,45,0,"C1_EXB0002"
"24","AAD12E1","EXB0001",0.12,45,5,"AAD12"
"25","AAC83E2","EXB0001",0.4,17,7,"AAC83"
"26","AD81E1","EXB0001",0.5,45,23,"AD81"
"27","AAD16E2","EXB0001",0.25,17,4,"AAD16"
"28","AAC94E1","EXB0001",59,45,2655,"AAC94"
"29","AAD16E1","EXB0001",0.09,45,4,"AAD16"
"30","AAC86E2","EXB0001",48.4,17,823,"AAC86"
"31","AD74E2","EXB0001",0.18,17,3,"AD74"
"32","AAC62E1","EXB0001",1.49,45,67,"AAC62"
"33","AAD10E2","EXB0001",150,17,2550,"AAD10"
"34","AAB85E1","EXB0001",0.19,45,9,"AAB85"
"35","AAC86E1","EXB0001",35,45,1575,"AAC86"
"36","AAD23E2","EXB0001",23,17,391,"AAD23"
"37","AAC96E2","EXB0001",0.25,17,4,"AAC96"
"38","AD85E1","EXB0001",7.74,45,348,"AD85"
"39","AAD15E2","EXB0001",0,17,0,"AAD15"
"40","AD89E1","EXB0001",5.9,45,266,"AD89"
"41","AD89E2","EXB0001",5.5,17,94,"AD89"
"42","AAD23E1","EXB0001",5.5,45,248,"AAD23"
"43","AAD15E1","EXB0001",0.93,45,42,"AAD15"
"44","AAC46E1","EXB0001",5.24,45,236,"AAC46"
"45","C1_EXB0001E1","EXB0001",0,45,0,"C1_EXB0001"
"46","AD84E2","EXB0001",1.83,17,31,"AD84"
"47","AD85E2","EXB0001",6.93,17,118,"AD85"
"48","AAC83E1","EXB0001",0.07,45,3,"AAC83"
"49","AAC62E2","EXB0001",0.06,17,1,"AAC62"
"50","AAC91E1","EXB0001",2.4,45,108,"AAC91"
"51","AAC71E1","EXB0001",3.31,45,149,"AAC71"
"52","AAD12E2","EXB0001",0.2,17,3,"AAD12"
"53","AD84E1","EXB0001",1.58,45,71,"AD84"
"54","AAC91E2","EXB0001",2.7,17,46,"AAC91"
"55","AAD25E2","EXB0001",7.94,17,135,"AAD25"
"56","AD79E1","EXB0001",3.47,45,156,"AD79"
"57","AAB85E2","EXB0001",0.12,17,2,"AAB85"
"58","AAC71E2","EXB0001",3.25,17,55,"AAC71"
"59","AAC94E2","EXB0001",9.65,17,164,"AAC94"
"60","AD79E2","EXB0001",1.05,17,18,"AD79"
"61","AD74E1","EXB0001",5.33,45,240,"AD74"
"62","AAD25E1","EXB0001",6.09,45,274,"AAD25"
"63","AAC46E2","EXB0001",0,17,0,"AAC46"
"64","AAD10E1","EXB0001",6.03,45,271,"AAD10"
"65","AAC96E1","EXB0001",0.14,45,6,"AAC96"
"66","AD81E2","EXB0001",0,17,0,"AD81"
"67","C2_EXB0001E1","EXB0001",0,45,0,"C2_EXB0001"
"68","AFU62E1","EXB0034",6.46,45,291,"AFU62"
"69","ABU49E1","EXB0017",0,45,0,"ABU49"
"70","ABT47E1","EXB0017",0.06,45,3,"ABT47"
"71","ABT33E1","EXB0017",0.06,45,3,"ABT33"
"72","ABT43E1","EXB0017",0,45,0,"ABT43"
"73","ABT11E1","EXB0017",7.1,45,320,"ABT11"
"74","ABT13E1","EXB0017",0.17,45,8,"ABT13"
"75","ABT15E1","EXB0017",9.39,45,423,"ABT15"
"76","ABT86E1","EXB0017",0.73,45,33,"ABT86"
"77","C1_EXB0017E1","EXB0017",0,45,0,"C1_EXB0017"
"78","AFU71E1","EXB0034",13.4,45,603,"AFU71"
"79","AFU73E1","EXB0034",2.6,45,117,"AFU73"
"80","AFU74E1","EXB0034",13.2,45,594,"AFU74"
"81","AFU75E1","EXB0034",0,45,0,"AFU75"
"82","AFU77E1","EXB0034",0.13,45,6,"AFU77"
"83","AFU78E1","EXB0034",20,45,900,"AFU78"
"84","AFU80E1","EXB0034",0.08,45,4,"AFU80"
"85","AFU81E1","EXB0034",13.2,45,594,"AFU81"
"86","AFU82E1","EXB0034",1.95,45,88,"AFU82"
"87","AFU83E1","EXB0034",3.89,45,175,"AFU83"
"88","AFU84E1","EXB0034",3.43,45,154,"AFU84"
"89","AFU86E1","EXB0034",5.11,45,230,"AFU86"
"90","C1_EXB0034E1","EXB0034",39.2,45,1764,"C1_EXB0034"
"91","C2_EXB0034E1","EXB0034",0.07,45,3,"C2_EXB0034"
"92","C3_EXB0034E1","EXB0034",3.72,45,167,"C3_EXB0034"
"93","ABJ89E1","EXB0003",5.44,45,245,"ABJ89"
"94","ABL39E1","EXB0003",5.75,45,259,"ABL39"
"95","AAW13E1","EXB0003",0.95,45,43,"AAW13"
"96","ABK12E1","EXB0003",3,45,135,"ABK12"
"97","ABL01E1","EXB0003",6.68,45,301,"ABL01"
"98","ABL51E1","EXB0003",1.66,45,75,"ABL51"
"99","ABK18E1","EXB0003",12.6,45,567,"ABK18"
"100","ABI40E1","EXB0003",12.8,45,576,"ABI40"
"101","ABL45E1","EXB0003",5.11,45,230,"ABL45"
"102","AAW11E1","EXB0003",0.16,45,7,"AAW11"
"103","ABJ79E1","EXB0003",11,45,495,"ABJ79"
"104","ABL19E1","EXB0003",0.62,45,28,"ABL19"
"105","ABL37E1","EXB0003",3.63,45,163,"ABL37"
"106","ABK88E1","EXB0003",10.2,45,459,"ABK88"
"107","AAW31E1","EXB0003",0.24,45,11,"AAW31"
"108","AAW19E1","EXB0003",0.95,45,43,"AAW19"
"109","AAW20E1","EXB0003",0.08,45,4,"AAW20"
"110","ABL25E1","EXB0003",0.51,45,23,"ABL25"
"111","ABK90E1","EXB0003",7.93,45,357,"ABK90"
"112","AAW12E1","EXB0003",0.73,45,33,"AAW12"
"113","ABK71E1","EXB0003",10.6,45,477,"ABK71"
"114","ABI56E1","EXB0003",10.6,45,477,"ABI56"
"115","AAW14E1","EXB0003",5.04,45,227,"AAW14"
"116","ABI58E1","EXB0003",6.4,45,288,"ABI58"
"117","ABJ91E1","EXB0003",9.3,45,419,"ABJ91"
"118","ABL92E1","EXB0003",1.54,45,69,"ABL92"
"119","AAW21E1","EXB0003",0.1,45,4,"AAW21"
"120","ABL86E1","EXB0003",7.87,45,354,"ABL86"
"121","AAW26E1","EXB0003",0.23,45,10,"AAW26"
"122","ABK46E1","EXB0003",0.17,45,8,"ABK46"
"123","ABJ49E1","EXB0003",8.3,45,374,"ABJ49"
"124","ABJ51E1","EXB0003",17.6,45,792,"ABJ51"
"125","AAW15E1","EXB0003",0.77,45,35,"AAW15"
"126","ABI38E1","EXB0003",12.7,45,572,"ABI38"
"127","ABK86E1","EXB0003",5.99,45,270,"ABK86"
"128","ABK73E1","EXB0003",1,45,45,"ABK73"
"129","ABL98E1","EXB0003",0.16,45,7,"ABL98"
"130","ABJ75E1","EXB0003",6.96,45,313,"ABJ75"
"131","ABL31E1","EXB0003",10.1,45,455,"ABL31"
"132","ABK67E1","EXB0003",12.7,45,572,"ABK67"
"133","ABM11E1","EXB0003",0,45,0,"ABM11"
"134","ABL02E1","EXB0003",10.2,45,459,"ABL02"
"135","ABL27E1","EXB0003",0.54,45,24,"ABL27"
"136","AAW18E1","EXB0003",0.92,45,42,"AAW18"
"137","ABJ73E1","EXB0003",2.32,45,104,"ABJ73"
"138","ABK03E1","EXB0003",0.67,45,30,"ABK03"
"139","ABK20E1","EXB0003",16.8,45,756,"ABK20"
"140","ABK61E1","EXB0003",16.1,45,725,"ABK61"
"141","ABL29E1","EXB0003",5.56,45,250,"ABL29"
"142","ABL03E1","EXB0003",3.5,45,158,"ABL03"
"143","ABK44E1","EXB0003",7.59,45,342,"ABK44"
"144","ABK69E1","EXB0003",6.08,45,274,"ABK69"
"145","ABL57E1","EXB0003",7.06,45,318,"ABL57"
"146","ABK59E1","EXB0003",10,45,450,"ABK59"
"147","ABK16E1","EXB0003",10.4,45,468,"ABK16"
"148","ABL53E1","EXB0003",5.92,45,266,"ABL53"
"149","ABI42E1","EXB0003",15.7,45,707,"ABI42"
"150","AAW27E1","EXB0003",1.05,45,47,"AAW27"
"151","ABL72E1","EXB0003",18,45,810,"ABL72"
"152","C1_EXB0003E1","EXB0003",0,45,0,"C1_EXB0003"
"153","ABI44E1","EXB0003",2.11,45,95,"ABI44"
"154","ABJ59E1","EXB0003",3.16,45,142,"ABJ59"
"155","ABK55E1","EXB0003",6.04,45,272,"ABK55"
"156","AAW23E1","EXB0003",3.3,45,149,"AAW23"
"157","ABL76E1","EXB0003",10.2,45,459,"ABL76"
"158","ABL33E1","EXB0003",13.2,45,594,"ABL33"
"159","ABJ53E1","EXB0003",12.6,45,567,"ABJ53"
"160","ABK96E1","EXB0003",3.1,45,140,"ABK96"
"161","AAW17E1","EXB0003",0.59,45,26,"AAW17"
"162","ABL64E1","EXB0003",0.82,45,37,"ABL64"
"163","ABK05E1","EXB0003",5.53,45,249,"ABK05"
"164","ABJ55E1","EXB0003",7.88,45,355,"ABJ55"
"165","ABJ71E1","EXB0003",14,45,630,"ABJ71"
"166","AAW22E1","EXB0003",2.97,45,134,"AAW22"
"167","AAW32E1","EXB0003",0.34,45,15,"AAW32"
"168","ABK41E1","EXB0003",5.32,45,239,"ABK41"
"169","ABJ45E1","EXB0003",14.3,45,644,"ABJ45"
"170","ABK48E1","EXB0003",4.94,45,222,"ABK48"
"171","ABJ83E1","EXB0003",9.63,45,433,"ABJ83"
"172","ABK35E1","EXB0006",2.3,45,103,"ABK35"
"173","ABK09E1","EXB0006",7.82,45,352,"ABK09"
"174","ABM10E1","EXB0006",2.77,45,125,"ABM10"
"175","ABK54E1","EXB0006",5.82,45,262,"ABK54"
"176","ABI46E1","EXB0006",19,45,855,"ABI46"
"177","ABK33E1","EXB0006",0.26,45,12,"ABK33"
"178","ABK53E1","EXB0006",19.5,45,878,"ABK53"
"179","ABI47E1","EXB0006",9.22,45,415,"ABI47"
"180","ABL66E1","EXB0006",5.56,45,250,"ABL66"
"181","ABL67E1","EXB0006",0.82,45,37,"ABL67"
"182","ABL67E2","EXB0006",0.82,45,37,"ABL67"
"183","ABL82E1","EXB0006",3.9,45,176,"ABL82"
"184","ABK54E2","EXB0006",4.47,45,201,"ABK54"
"185","ABK09E2","EXB0006",7.97,45,359,"ABK09"
"186","ABK07E1","EXB0006",14.9,45,671,"ABK07"
"187","C1_EXB0006E1","EXB0006",0.07,45,3,"C1_EXB0006"
"188","AAS14E1","EXB0004",0.1,45,5,"AAS14"
"189","AAS06E1","EXB0004",0.64,45,29,"AAS06"
"190","AAS05E1","EXB0004",0.71,45,32,"AAS05"
"191","C1_EXB0004E1","EXB0004",0,45,0,"C1_EXB0004"
"192","AAS01E1","EXB0004",0.31,45,14,"AAS01"
"193","AAS15E1","EXB0004",0.5,45,22,"AAS15"
"194","AAS13E1","EXB0004",0.23,45,10,"AAS13"
"195","AAS16E1","EXB0004",1.49,45,67,"AAS16"
"196","AAS27E1","EXB0004",0.12,45,5,"AAS27"
"197","AAS35E1","EXB0004",8.26,45,372,"AAS35"
"198","AAS36E1","EXB0004",0.76,45,34,"AAS36"
"199","AAS39E1","EXB0004",21.4,45,963,"AAS39"
"200","AAS34E1","EXB0004",0.23,45,10,"AAS34"
"201","AAS37E1","EXB0004",0.17,45,8,"AAS37"
"202","AAS42E1","EXB0004",0.35,45,16,"AAS42"
"203","AAS19E1","EXB0004",0.84,45,38,"AAS19"
"204","C2_EXB0004E1","EXB0004",0,45,0,"C2_EXB0004"
"205","AAS17E1","EXB0004",3.11,45,140,"AAS17"
"206","AAS41E1","EXB0004",0.15,45,7,"AAS41"
"207","AAS20E1","EXB0004",0.49,45,22,"AAS20"
"208","AAS18E1","EXB0004",0.16,45,7,"AAS18"
"209","AAS23E1","EXB0004",40.9,45,1841,"AAS23"
"210","AAS32E1","EXB0004",1.48,45,67,"AAS32"
"211","AAS29E1","EXB0004",0.17,45,8,"AAS29"
"212","AAS28E1","EXB0004",0,45,0,"AAS28"
"213","AAS30E1","EXB0004",0.67,45,30,"AAS30"
"214","AAS31E1","EXB0004",0.07,45,3,"AAS31"
"215","AAS24E1","EXB0004",38.1,45,1715,"AAS24"
"216","AAS22E1","EXB0004",0.52,45,23,"AAS22"
"217","AAS21E1","EXB0004",0,45,0,"AAS21"
"218","AAS38E1","EXB0004",0.13,45,6,"AAS38"
"219","NSAP67E1","EXB0004",3.37,45,152,"NSAP67"
"220","AAS10E1","EXB0004",1.72,45,77,"AAS10"
"221","NSAP21E1","EXB0004",0.31,45,14,"NSAP21"
"222","NSAP35E1","EXB0004",0.56,45,25,"NSAP35"
"223","AAS08E1","EXB0004",7.77,45,350,"AAS08"
"224","AAS12E1","EXB0004",3.67,45,165,"AAS12"
"225","AAS04E1","EXB0004",0.75,45,34,"AAS04"
"226","NSAP54E1","EXB0004",8.9,45,401,"NSAP54"
"227","AAS11E1","EXB0004",0.24,45,11,"AAS11"
"228","C3_EXB0004E1","EXB0004",0.25,45,11,"C3_EXB0004"
"229","NSAP27E1","EXB0004",1.4,45,63,"NSAP27"
"230","NSAP64E1","EXB0004",3.67,45,165,"NSAP64"
"231","NSAP20E1","EXB0004",0.29,45,13,"NSAP20"
"232","NSAP42E1","EXB0004",0.36,45,16,"NSAP42"
"233","NSAP33E1","EXB0004",1.49,45,67,"NSAP33"
"234","AAS07E1","EXB0004",5.93,45,267,"AAS07"
"235","AAS03E1","EXB0004",2.34,45,105,"AAS03"
"236","NSAP36E1","EXB0004",1.32,45,59,"NSAP36"
"237","AAS09E1","EXB0004",2.01,45,90,"AAS09"
"238","NSAP34E1","EXB0004",7.05,45,317,"NSAP34"
"239","NSAP19E1","EXB0004",0.29,45,13,"NSAP19"
"240","AAT50E2","EXB0004",0.74,17,13,"AAT50"
"241","AAT56E2","EXB0004",0.87,17,15,"AAT56"
"242","AAS55E2","EXB0004",0,17,0,"AAS55"
"243","AAS45E2","EXB0004",0.46,17,8,"AAS45"
"244","AAT48E2","EXB0004",0.99,17,17,"AAT48"
"245","AAT55E2","EXB0004",13.5,17,230,"AAT55"
"246","AAT63E2","EXB0004",0.53,17,9,"AAT63"
"247","AAT52E2","EXB0004",0,17,0,"AAT52"
"248","AAT60E2","EXB0004",0.44,17,8,"AAT60"
"249","AAT49E2","EXB0004",0.31,17,5,"AAT49"
"250","AAS47E2","EXB0004",2.4,17,41,"AAS47"
"251","C4_EXB0004E2","EXB0004",0,17,0,"C4_EXB0004"
"252","AAT51E2","EXB0004",7.28,17,124,"AAT51"
"253","AAT47E2","EXB0004",0,17,0,"AAT47"
"254","AAS44E2","EXB0004",0.53,17,9,"AAS44"
"255","AAT61E2","EXB0004",12.6,17,214,"AAT61"
"256","AAS46E2","EXB0004",2.72,17,46,"AAS46"
"257","AAS54E2","EXB0004",0,17,0,"AAS54"
"258","AAT59E2","EXB0004",8.36,17,142,"AAT59"
"259","AAS43E2","EXB0004",0.39,17,7,"AAS43"
"260","AAS56E2","EXB0004",0.31,17,5,"AAS56"
"261","AAT62E2","EXB0004",6.16,17,105,"AAT62"
"262","AAT57E2","EXB0004",0.26,17,4,"AAT57"
"263","AAT58E2","EXB0004",1.65,17,28,"AAT58"
"264","AAT31E1","EXB0004",11.7,45,527,"AAT31"
"265","AAT06E1","EXB0004",0.06,45,3,"AAT06"
"266","AAT24E1","EXB0004",0.4,45,18,"AAT24"
"267","AAT25E1","EXB0004",0.63,45,28,"AAT25"
"268","AAT28E1","EXB0004",0.56,45,25,"AAT28"
"269","AAT45E1","EXB0004",9.65,45,434,"AAT45"
"270","AAT42E1","EXB0004",0.08,45,4,"AAT42"
"271","AAT21E1","EXB0004",0.45,45,20,"AAT21"
"272","AAT41E1","EXB0004",3.45,45,155,"AAT41"
"273","AAT05E1","EXB0004",0.07,45,3,"AAT05"
"274","AAT30E1","EXB0004",17,45,765,"AAT30"
"275","AAT04E1","EXB0004",0.57,45,26,"AAT04"
"276","AAT08E1","EXB0004",4.3,45,194,"AAT08"
"277","AAT39E1","EXB0004",0.28,45,13,"AAT39"
"278","C5_EXB0004E1","EXB0004",0,45,0,"C5_EXB0004"
"279","AAT44E1","EXB0004",2.32,45,104,"AAT44"
"280","ABK57E1","EXB0007",16.1,45,725,"ABK57"
"281","ABI47E2","EXB0007",10.8,45,486,"ABI47"
"282","ABM09E1","EXB0007",1.95,45,88,"ABM09"
"283","ABL83E1","EXB0007",4.01,45,180,"ABL83"
"284","AAV26E1","EXB0008",8.79,45,396,"AAV26"
"285","ABA67E1","EXB0008",9.39,45,423,"ABA67"
"286","AAU65E1","EXB0008",85.6,45,3852,"AAU65"
"287","AAA53E1","EXB0008",4.39,45,198,"AAA53"
"288","AAC33E2","EXB0008",26.2,45,1179,"AAC33"
"289","ABA64E1","EXB0008",8.95,45,403,"ABA64"
"290","AAB69E2","EXB0008",0,45,0,"AAB69"
"291","AAA57E1","EXB0008",10.2,45,459,"AAA57"
"292","AAA73E1","EXB0008",52,45,2340,"AAA73"
"293","ABA61E1","EXB0008",14.9,45,671,"ABA61"
"294","AAV25E1","EXB0008",57,45,2565,"AAV25"
"295","AAV43E1","EXB0008",6.89,45,310,"AAV43"
"296","ABB05E1","EXB0008",16.5,45,743,"ABB05"
"297","AAC06E2","EXB0008",0.16,45,7,"AAC06"
"298","ABB26E1","EXB0008",25.2,45,1134,"ABB26"
"299","AAW10E2","EXB0008",4.03,45,181,"AAW10"
"300","AAB84E2","EXB0008",2.4,45,108,"AAB84"
"301","AAU97E1","EXB0008",13.5,45,608,"AAU97"
"302","AAB96E2","EXB0008",NA,0,0,"AAB96"
"303","AAC07E2","EXB0008",0,45,0,"AAC07"
"304","AAS05E2","EXB0008",0.56,45,25,"AAS05"
"305","AAS14E2","EXB0008",0.55,45,25,"AAS14"
"306","AAV44E1","EXB0008",12.5,45,563,"AAV44"
"307","ABB24E1","EXB0008",20.7,45,932,"ABB24"
"308","AAS15E2","EXB0008",0.19,45,9,"AAS15"
"309","ABA68E1","EXB0008",11.7,45,527,"ABA68"
"310","AAB74E2","EXB0008",NA,45,0,"AAB74"
"311","AAV39E1","EXB0008",9.34,45,420,"AAV39"
"312","ABA55E1","EXB0008",3.89,45,175,"ABA55"
"313","AAC28E2","EXB0008",0.12,45,5,"AAC28"
"314","AAC36E2","EXB0008",0.19,45,8,"AAC36"
"315","ABA60E1","EXB0008",8.93,45,402,"ABA60"
"316","AAC40E2","EXB0008",0.36,45,16,"AAC40"
"317","AAC26E2","EXB0008",0.07,45,3,"AAC26"
"318","AAU89E1","EXB0008",10,45,450,"AAU89"
"319","AAD09E2","EXB0008",NA,0,0,"AAD09"
"320","AAC09E2","EXB0008",4.13,45,186,"AAC09"
"321","AAC55E2","EXB0008",0.29,45,13,"AAC55"
"322","C1_EXB0008E1","EXB0008",0.06,45,3,"C1_EXB0008"
"323","AAU83E1","EXB0008",11.5,45,518,"AAU83"
"324","AAV40E1","EXB0008",36.1,45,1625,"AAV40"
"325","ABA56E1","EXB0008",17.1,45,770,"ABA56"
"326","ABA63E1","EXB0008",4.03,45,181,"ABA63"
"327","AAB64E2","EXB0008",0,45,0,"AAB64"
"328","AAC15E2","EXB0008",0,45,0,"AAC15"
"329","AAC79E2","EXB0008",0.07,45,3,"AAC79"
"330","AAW16E2","EXB0008",25.7,45,1157,"AAW16"
"331","AAS06E2","EXB0008",0.86,45,39,"AAS06"
"332","AAB01E1","EXB0008",30.9,45,1391,"AAB01"
"333","AAA48E1","EXB0008",3.62,45,163,"AAA48"
"334","ABB03E1","EXB0008",1.16,45,52,"ABB03"
"335","AAB37E1","EXB0008",7.14,45,321,"AAB37"
"336","ABA65E1","EXB0008",29.7,45,1337,"ABA65"
"337","AAA92E1","EXB0008",3.88,45,175,"AAA92"
"338","AAV27E1","EXB0008",19.3,45,869,"AAV27"
"339","AAS13E2","EXB0008",0.66,45,30,"AAS13"
"340","AAA75E1","EXB0008",9.62,45,433,"AAA75"
"341","AAU91E1","EXB0008",31.9,45,1436,"AAU91"
"342","AAS16E2","EXB0008",1.52,45,68,"AAS16"
"343","AAC21E2","EXB0008",0.16,45,7,"AAC21"
"344","AAU70E1","EXB0008",12.6,45,567,"AAU70"
"345","AAA64E1","EXB0008",3.04,45,137,"AAA64"
"346","AAB32E1","EXB0008",9.5,45,428,"AAB32"
"347","AAS01E2","EXB0008",0.39,45,18,"AAS01"
"348","AAA56E1","EXB0008",1.61,45,72,"AAA56"
"349","AAU84E1","EXB0008",5.36,45,241,"AAU84"
"350","AAB23E1","EXB0008",19.9,45,895,"AAB23"
"351","ABA58E1","EXB0008",5.7,45,257,"ABA58"
"352","AAC14E2","EXB0008",0,45,0,"AAC14"
"353","AAB78E2","EXB0008",0,45,0,"AAB78"
"354","AFN06E2","EXB0021",0.36,45,16,"AFN06"
"355","AFN08E2","EXB0021",0.68,45,31,"AFN08"
"356","AFN10E2","EXB0021",0.34,45,15,"AFN10"
"357","AFN12E2","EXB0021",2.65,45,119,"AFN12"
"358","AFN31E2","EXB0021",0.11,45,5,"AFN31"
"359","AFN23E2","EXB0021",0.11,45,5,"AFN23"
"360","AFN28E2","EXB0021",0.34,45,15,"AFN28"
"361","AFN29E2","EXB0021",0.13,45,6,"AFN29"
"362","ACJ37E2","EXB0021",0.59,45,26,"ACJ37"
"363","ACJ39E2","EXB0021",0.41,45,18,"ACJ39"
"364","ACE28E2","EXB0021",0.59,45,26,"ACE28"
"365","ACD03E2","EXB0021",0,45,0,"ACD03"
"366","ACD90E2","EXB0021",0.12,45,5,"ACD90"
"367","ACE34E2","EXB0021",0.08,45,4,"ACE34"
"368","ACD79E2","EXB0021",0.08,45,4,"ACD79"
"369","AAB84E3","EXB0021",0.84,45,38,"AAB84"
"370","AAC33E3","EXB0021",31.8,45,1431,"AAC33"
"371","C1_EXB0021E1","EXB0021",0.05,45,2,"C1_EXB0021"
"372","AAT20E1","EXB0005",0.34,45,15,"AAT20"
"373","AAT34E1","EXB0005",6.76,45,304,"AAT34"
"374","AAT38E1","EXB0005",0.12,45,5,"AAT38"
"375","AAT43E1","EXB0005",0.57,45,26,"AAT43"
"376","C1_EXB0005E1","EXB0005",0,45,0,"C1_EXB0005"
"377","AAT37E1","EXB0005",0,45,0,"AAT37"
"378","AAT22E1","EXB0005",0,45,0,"AAT22"
"379","AAT33E1","EXB0005",0.24,45,11,"AAT33"
"380","AAT26E1","EXB0005",0,45,0,"AAT26"
"381","AAT23E1","EXB0005",3.94,45,177,"AAT23"
"382","AAT53E1","EXB0005",0.18,45,8,"AAT53"
"383","AAT40E1","EXB0005",0,45,0,"AAT40"
"384","AAT32E1","EXB0005",3.13,45,141,"AAT32"
"385","AAT03E1","EXB0005",0.07,45,3,"AAT03"
"386","AAT46E1","EXB0005",0,45,0,"AAT46"
"387","AAT29E1","EXB0005",0,45,0,"AAT29"
"388","AAS49E1","EXB0005",0,45,0,"AAS49"
"389","AAS49E2","EXB0005",0,17,0,"AAS49"
"390","AAX73E1","EXB0010",1.29,45,58,"AAX73"
"391","AAH18E1","EXB0010",0.32,45,14,"AAH18"
"392","AAX81E1","EXB0010",0,45,0,"AAX81"
"393","AAH61E1","EXB0010",0.76,45,34,"AAH61"
"394","AAX75E1","EXB0010",0.18,45,8,"AAX75"
"395","C1_EXB0010E1","EXB0010",0,45,0,"C1_EXB0010"
"396","AAX93E1","EXB0010",1.24,45,56,"AAX93"
"397","AAX76E1","EXB0010",0.06,45,2,"AAX76"
"398","AAH27E1","EXB0010",1.75,45,79,"AAH27"
"399","AAH19E1","EXB0010",0.07,45,3,"AAH19"
"400","AAI03E1","EXB0010",1.45,45,65,"AAI03"
"401","AAH52E1","EXB0010",0.46,45,21,"AAH52"
"402","AAX83E1","EXB0010",0,45,0,"AAX83"
"403","AAH51E1","EXB0010",0.4,45,18,"AAH51"
"404","AAH32E1","EXB0010",0.35,45,16,"AAH32"
"405","AAH60E1","EXB0010",0.7,45,31,"AAH60"
"406","AAX97E1","EXB0010",0.3,45,14,"AAX97"
"407","C2_EXB0010E1","EXB0010",0,45,0,"C2_EXB0010"
"408","AAH33E1","EXB0010",2.73,45,123,"AAH33"
"409","AAI04E1","EXB0010",1,45,45,"AAI04"
"410","ABH56E1","EXB0018",8.66,45,390,"ABH56"
"411","ABH58E1","EXB0018",3.47,45,156,"ABH58"
"412","ABH60E1","EXB0018",7.7,45,347,"ABH60"
"413","ABH62E1","EXB0018",5.36,45,241,"ABH62"
"414","ABL68E1","EXB0018",1.4,45,63,"ABL68"
"415","ABL88E1","EXB0018",3.13,45,141,"ABL88"
"416","ABM15E1","EXB0018",0,45,0,"ABM15"
"417","ABM17E1","EXB0018",0,45,0,"ABM17"
"418","OPAU2E1","EXB0009",0.24,45,11,"OPAU2"
"419","OPAU4E1","EXB0009",0.15,45,7,"OPAU4"
"420","OPAU6E1","EXB0009",0.59,45,27,"OPAU6"
"421","OPAU8E1","EXB0009",0.39,45,18,"OPAU8"
"422","OPAU10E1","EXB0009",0.23,45,10,"OPAU10"
"423","OPAU12E1","EXB0009",0.28,45,13,"OPAU12"
"424","OPAU14E1","EXB0009",0.68,45,31,"OPAU14"
"425","C1_EXB0009E1","EXB0009",0,45,0,"C1_EXB0009"
"426","ABM07E1","EXB0018",4.28,45,193,"ABM07"
"427","ABU61E1","EXB0018",0,45,0,"ABU61"
"428","ABU62E1","EXB0018",0,45,0,"ABU62"
"429","ABT87E1","EXB0018",1.78,45,80,"ABT87"
"430","ABT03E1","EXB0018",0.41,45,18,"ABT03"
"431","ABU54E1","EXB0018",10.1,45,455,"ABU54"
"432","ABU38E1","EXB0018",0,45,0,"ABU38"
"433","ABU40E1","EXB0018",6.6,45,297,"ABU40"
"434","ACP21E1","EXB0018",0.19,45,8,"ACP21"
"435","ACP14E1","EXB0018",0.08,45,3,"ACP14"
"436","ACP10E1","EXB0018",0.18,45,8,"ACP10"
"437","ABC67E1","EXB0018",0,45,0,"ABC67"
"438","ABC65E1","EXB0018",0.33,45,15,"ABC65"
"439","ACH41E1","EXB0018",0.15,45,7,"ACH41"
"440","ADU85E1","EXB0018",0,45,0,"ADU85"
"441","ADU90E1","EXB0018",0.06,45,3,"ADU90"
"442","C1_EXB0018E1","EXB0018",0,45,0,"C1_EXB0018"
"443","ABK29E1","EXB0036",29.4,45,1323,"ABK29"
"444","ABL81E1","EXB0036",54,45,2430,"ABL81"
"445","ABL75E1","EXB0036",59,45,2655,"ABL75"
"446","ABK27E1","EXB0036",48,45,2160,"ABK27"
"447","C1_EXB0036E1","EXB0036",0,45,0,"C1_EXB0036"
"448","AFW18E1","EXB0022",14.8,45,666,"AFW18"
"449","AFV57E1","EXB0022",3.11,45,140,"AFV57"
"450","AFV48E1","EXB0022",7.61,45,342,"AFV48"
"451","AFV39E1","EXB0022",6.74,45,303,"AFV39"
"452","AFW26E1","EXB0022",1.08,45,49,"AFW26"
"453","AFW28E1","EXB0022",10.9,45,491,"AFW28"
"454","AFW30E1","EXB0022",3.69,45,166,"AFW30"
"455","AFW32E1","EXB0022",12.3,45,554,"AFW32"
"456","ACJ47E1","EXB0022",0.38,45,17,"ACJ47"
"457","ACJ61E1","EXB0022",0.17,45,8,"ACJ61"
"458","ACJ41E1","EXB0022",11.4,45,513,"ACJ41"
"459","AFN38E1","EXB0022",1.22,45,55,"AFN38"
"460","AFN36E1","EXB0022",0.42,45,19,"AFN36"
"461","AFN07E1","EXB0022",0.58,45,26,"AFN07"
"462","AFN09E1","EXB0022",0.18,45,8,"AFN09"
"463","C1_EXB0022E1","EXB0022",0,45,0,"C1_EXB0022"
"464","ABP99E2","EXB0016",7.66,45,345,"ABP99"
"465","ABQ01E2","EXB0016",8.1,45,365,"ABQ01"
"466","ABP91E2","EXB0016",14.6,45,657,"ABP91"
"467","ABP76E2","EXB0016",7.15,45,322,"ABP76"
"468","ABQ18E2","EXB0016",3.98,45,179,"ABQ18"
"469","ABP77E2","EXB0016",3.04,45,137,"ABP77"
"470","ABO01E2","EXB0016",8.74,45,393,"ABO01"
"471","ABO03E2","EXB0016",2.18,45,98,"ABO03"
"472","ABO05E2","EXB0016",3.1,45,140,"ABO05"
"473","ABO09E2","EXB0016",16,45,720,"ABO09"
"474","ABN47E2","EXB0016",2.23,45,100,"ABN47"
"475","ABP37E2","EXB0016",33.1,45,1490,"ABP37"
"476","ABO34E2","EXB0016",23.9,45,1076,"ABO34"
"477","ABO36E2","EXB0016",24.3,45,1094,"ABO36"
"478","ABO45E2","EXB0016",22.2,45,999,"ABO45"
"479","ABO54E2","EXB0016",17.4,45,783,"ABO54"
"480","ABP55E2","EXB0016",6.04,45,272,"ABP55"
"481","AAN19E2","EXB0016",14.9,45,671,"AAN19"
"482","AAN22E2","EXB0016",19.9,45,895,"AAN22"
"483","AAN40E2","EXB0016",13.2,45,594,"AAN40"
"484","AAN43E2","EXB0016",8.94,45,402,"AAN43"
"485","AAN49E2","EXB0016",10.9,45,491,"AAN49"
"486","AAN52E2","EXB0016",35.6,45,1602,"AAN52"
"487","AAN57E2","EXB0016",24.9,45,1121,"AAN57"
"488","AAN59E2","EXB0016",11.1,45,500,"AAN59"
"489","AAN61E2","EXB0016",18.2,45,819,"AAN61"
"490","AAN63E2","EXB0016",14.5,45,653,"AAN63"
"491","AEJ95E2","EXB0016",0.13,45,6,"AEJ95"
"492","AEK05E2","EXB0016",1.07,45,48,"AEK05"
"493","AEK07E2","EXB0016",0.22,45,10,"AEK07"
"494","AAT07E2","EXB0016",0.16,45,7,"AAT07"
"495","AAT09E2","EXB0016",0.11,45,5,"AAT09"
"496","ABT51E2","EXB0016",1.39,45,63,"ABT51"
"497","ABT53E2","EXB0016",1.2,45,54,"ABT53"
"498","ABT55E2","EXB0016",2.54,45,114,"ABT55"
"499","ABU28E2","EXB0016",3.79,45,171,"ABU28"
"500","ABU30E2","EXB0016",0.66,45,30,"ABU30"
"501","ABU44E2","EXB0016",0.67,45,30,"ABU44"
"502","ABU55E2","EXB0016",9.73,45,438,"ABU55"
"503","ABU57E2","EXB0016",7.24,45,326,"ABU57"
"504","ABU59E2","EXB0016",4.62,45,208,"ABU59"
"505","ABT71E2","EXB0016",9.96,45,448,"ABT71"
"506","ABT69E2","EXB0016",2.64,45,119,"ABT69"
"507","ABT68E2","EXB0016",5.35,45,241,"ABT68"
"508","C1_EXB0016E1","EXB0016",0.55,45,25,"C1_EXB0016"
"509","AA02E1","EXB0023",6.56,45,295,"AA02"
"510","AA04E1","EXB0023",4.2,45,189,"AA04"
"511","AA17E1","EXB0023",13.3,45,599,"AA17"
"512","AA83E1","EXB0023",14.7,45,662,"AA83"
"513","AA86E1","EXB0023",8.85,45,398,"AA86"
"514","AA89E1","EXB0023",6.95,45,313,"AA89"
"515","AA95E1","EXB0023",17.9,45,805,"AA95"
"516","AAA17E1","EXB0023",26.7,45,1202,"AAA17"
"517","AAA55E1","EXB0023",15,45,675,"AAA55"
"518","AAA67E1","EXB0023",31,45,1395,"AAA67"
"519","AAA89E1","EXB0023",35.7,45,1607,"AAA89"
"520","AAB02E1","EXB0023",26.5,45,1193,"AAB02"
"521","AAB12E1","EXB0023",13.8,45,621,"AAB12"
"522","AAB20E1","EXB0023",22.9,45,1031,"AAB20"
"523","AAB49E1","EXB0023",30.1,45,1355,"AAB49"
"524","ABC26E1","EXB0023",3.78,45,170,"ABC26"
"525","ABC31E1","EXB0023",0.89,45,40,"ABC31"
"526","ADU72E1","EXB0023",1.51,45,68,"ADU72"
"527","ADU75E1","EXB0023",6.76,45,304,"ADU75"
"528","ADV27E1","EXB0023",11.1,45,500,"ADV27"
"529","ADV29E1","EXB0023",6.45,45,290,"ADV29"
"530","ADV34E1","EXB0023",24.3,45,1094,"ADV34"
"531","ADV43E1","EXB0023",0,45,0,"ADV43"
"532","ADV69E1","EXB0023",1.03,45,46,"ADV69"
"533","ADV74E1","EXB0023",1.04,45,47,"ADV74"
"534","ADV82E1","EXB0023",12.6,45,567,"ADV82"
"535","ADV86E1","EXB0023",20.6,45,927,"ADV86"
"536","ADW18E1","EXB0023",5.9,45,266,"ADW18"
"537","ADW20E1","EXB0023",5.72,45,257,"ADW20"
"538","AEL05E1","EXB0023",16.4,45,738,"AEL05"
"539","AEL08E1","EXB0023",3.16,45,142,"AEL08"
"540","AEL09E1","EXB0023",7.92,45,356,"AEL09"
"541","AEL21E1","EXB0023",7.44,45,335,"AEL21"
"542","AEL24E1","EXB0023",2.85,45,128,"AEL24"
"543","AEL40E1","EXB0023",25.9,45,1166,"AEL40"
"544","AEL44E1","EXB0023",16.3,45,734,"AEL44"
"545","AEL51E1","EXB0023",7.23,45,325,"AEL51"
"546","AEL61E1","EXB0023",11,45,495,"AEL61"
"547","AEL64E1","EXB0023",24.5,45,1103,"AEL64"
"548","AEL73E1","EXB0023",6.65,45,299,"AEL73"
"549","AEL78E1","EXB0023",25.9,45,1166,"AEL78"
"550","AEL81E1","EXB0023",16.1,45,725,"AEL81"
"551","AEL82E1","EXB0023",10.5,45,473,"AEL82"
"552","AEL92E1","EXB0023",13.2,45,594,"AEL92"
"553","C1_EXB0023E1","EXB0023",0,45,0,"C1_EXB0023"
"554","ABW28E1","EXB0011",3.77,45,170,"ABW28"
"555","ABW32E1","EXB0011",2.23,45,100,"ABW32"
"556","ABW34E1","EXB0011",6.03,45,271,"ABW34"
"557","ABW36E1","EXB0011",3.08,45,139,"ABW36"
"558","ABW37E1","EXB0011",6.36,45,286,"ABW37"
"559","ABW39E1","EXB0011",5.66,45,255,"ABW39"
"560","ABG64E1","EXB0011",11.5,45,518,"ABG64"
"561","ABG37E1","EXB0011",2.4,45,108,"ABG37"
"562","ABG28E1","EXB0011",2.85,45,128,"ABG28"
"563","ABG02E1","EXB0011",3.85,45,173,"ABG02"
"564","ABG11E1","EXB0011",3.42,45,154,"ABG11"
"565","ABG38E1","EXB0011",1.75,45,79,"ABG38"
"566","ABG57E1","EXB0011",16.6,45,747,"ABG57"
"567","AAL73E1","EXB0011",2.44,45,110,"AAL73"
"568","AAM10E1","EXB0011",6.9,45,311,"AAM10"
"569","AAM41E1","EXB0011",6.74,45,303,"AAM41"
"570","AAM53E1","EXB0011",3.1,45,140,"AAM53"
"571","AAM59E1","EXB0011",1.41,45,63,"AAM59"
"572","AAN04E1","EXB0011",19.7,45,887,"AAN04"
"573","ADK31E1","EXB0011",1.37,45,62,"ADK31"
"574","ADK29E1","EXB0011",3.4,45,153,"ADK29"
"575","ADK18E1","EXB0011",1.96,45,88,"ADK18"
"576","ADK21E1","EXB0011",2.4,45,108,"ADK21"
"577","ADK23E1","EXB0011",8.39,45,378,"ADK23"
"578","ADK10E1","EXB0011",1.76,45,79,"ADK10"
"579","ADK03E1","EXB0011",1.24,45,56,"ADK03"
"580","ADJ98E1","EXB0011",4.24,45,191,"ADJ98"
"581","ADJ92E1","EXB0011",9.62,45,433,"ADJ92"
"582","ADM62E1","EXB0011",7.92,45,356,"ADM62"
"583","ADM55E1","EXB0011",13.3,45,599,"ADM55"
"584","ADM46E1","EXB0011",1.25,45,56,"ADM46"
"585","ADF33E1","EXB0011",1.22,45,55,"ADF33"
"586","ADF01E1","EXB0011",2.79,45,126,"ADF01"
"587","ADF10E1","EXB0011",1.34,45,60,"ADF10"
"588","ADF30E1","EXB0011",0.19,45,8,"ADF30"
"589","ADF26E1","EXB0011",2.04,45,92,"ADF26"
"590","ACZ58E1","EXB0011",2.26,45,102,"ACZ58"
"591","ACZ48E1","EXB0011",1.6,45,72,"ACZ48"
"592","ACZ34E1","EXB0011",2.09,45,94,"ACZ34"
"593","ACZ33E1","EXB0011",3.23,45,145,"ACZ33"
"594","ACZ32E1","EXB0011",1.24,45,56,"ACZ32"
"595","ADA10E1","EXB0011",1.18,45,53,"ADA10"
"596","ADA31E1","EXB0011",1.6,45,72,"ADA31"
"597","ACB36E1","EXB0011",1.41,45,63,"ACB36"
"598","ACB37E1","EXB0011",1.81,45,81,"ACB37"
"599","AAL47E1","EXB0011",6.6,45,297,"AAL47"
"600","AAM36E1","EXB0011",9.66,45,435,"AAM36"
"601","C1_EXB0013E1","EXB0011",0,45,0,"C1_EXB0013"
"602","ABP99E1","EXB0015",11.4,45,513,"ABP99"
"603","ABQ01E1","EXB0015",8.1,45,365,"ABQ01"
"604","ABP91E1","EXB0015",5.85,45,263,"ABP91"
"605","ABP76E1","EXB0015",8.78,45,395,"ABP76"
"606","ABQ18E1","EXB0015",12.5,45,563,"ABQ18"
"607","ABP77E1","EXB0015",8.73,45,393,"ABP77"
"608","ABO01E1","EXB0015",13.5,45,608,"ABO01"
"609","ABO03E1","EXB0015",23.7,45,1067,"ABO03"
"610","ABO05E1","EXB0015",7.73,45,348,"ABO05"
"611","ABO09E1","EXB0015",23.6,45,1062,"ABO09"
"612","ABN47E1","EXB0015",12.2,45,549,"ABN47"
"613","ABP37E1","EXB0015",55,45,2475,"ABP37"
"614","ABO34E1","EXB0015",44.9,45,2021,"ABO34"
"615","ABO36E1","EXB0015",41.9,45,1886,"ABO36"
"616","ABO45E1","EXB0015",45.7,45,2057,"ABO45"
"617","ABO54E1","EXB0015",53,45,2385,"ABO54"
"618","ABP55E1","EXB0015",10.3,45,464,"ABP55"
"619","AAN19E1","EXB0015",28.7,45,1292,"AAN19"
"620","AAN22E1","EXB0015",33.1,45,1490,"AAN22"
"621","AAN40E1","EXB0015",7.16,45,322,"AAN40"
"622","AAN43E1","EXB0015",14.2,45,639,"AAN43"
"623","AAN49E1","EXB0015",17.4,45,783,"AAN49"
"624","AAN52E1","EXB0015",33,45,1485,"AAN52"
"625","AAN57E1","EXB0015",35.4,45,1593,"AAN57"
"626","AAN59E1","EXB0015",17.7,45,797,"AAN59"
"627","AAN61E1","EXB0015",24,45,1080,"AAN61"
"628","AAN63E1","EXB0015",17,45,765,"AAN63"
"629","AEJ95E1","EXB0015",0.63,45,28,"AEJ95"
"630","AEK05E1","EXB0015",1.3,45,59,"AEK05"
"631","AEK07E1","EXB0015",19.4,45,873,"AEK07"
"632","AAT07E1","EXB0015",8.13,45,366,"AAT07"
"633","AAT09E1","EXB0015",0.59,45,26,"AAT09"
"634","ABT51E1","EXB0015",10.4,45,468,"ABT51"
"635","ABT53E1","EXB0015",4.32,45,194,"ABT53"
"636","ABT55E1","EXB0015",7.89,45,355,"ABT55"
"637","ABU28E1","EXB0015",13.2,45,594,"ABU28"
"638","ABU30E1","EXB0015",2.57,45,116,"ABU30"
"639","ABU44E1","EXB0015",4.24,45,191,"ABU44"
"640","ABU55E1","EXB0015",12.4,45,558,"ABU55"
"641","ABU57E1","EXB0015",11.6,45,522,"ABU57"
"642","ABU59E1","EXB0015",7.33,45,330,"ABU59"
"643","ABT71E1","EXB0015",14.5,45,653,"ABT71"
"644","ABT69E1","EXB0015",2.21,45,99,"ABT69"
"645","ABT68E1","EXB0015",7.65,45,344,"ABT68"
"646","C1_EXB0015E1","EXB0015",0.33,45,15,"C1_EXB0015"
"647","BATA19E1","EXB0012",6.64,45,299,"BATA19"
"648","BATA05E1","EXB0012",13,45,585,"BATA05"
"649","BATC12E1","EXB0012",8.02,45,361,"BATC12"
"650","BATC07E1","EXB0012",15.2,45,684,"BATC07"
"651","BATC02E1","EXB0012",19.3,45,869,"BATC02"
"652","BATA06E1","EXB0012",16.4,45,738,"BATA06"
"653","BATC14E1","EXB0012",9.6,45,432,"BATC14"
"654","BATA07E1","EXB0012",14.8,45,666,"BATA07"
"655","BATA08E1","EXB0012",11.1,45,500,"BATA08"
"656","BATC17E1","EXB0012",8.22,45,370,"BATC17"
"657","BATA13E1","EXB0012",7.56,45,340,"BATA13"
"658","BATB12E1","EXB0012",2.28,45,103,"BATB12"
"659","BATC04E1","EXB0012",14.5,45,653,"BATC04"
"660","BATC18E1","EXB0012",10.9,45,491,"BATC18"
"661","BATA18E1","EXB0012",7.79,45,351,"BATA18"
"662","BATB17E1","EXB0012",1.85,45,83,"BATB17"
"663","BATB16E1","EXB0012",1.8,45,81,"BATB16"
"664","BATB05E1","EXB0012",1.4,45,63,"BATB05"
"665","BATB13E1","EXB0012",1.85,45,83,"BATB13"
"666","BATA20E1","EXB0012",8.2,45,369,"BATA20"
"667","BATC20E1","EXB0012",7.54,45,339,"BATC20"
"668","BATC11E1","EXB0012",9.79,45,441,"BATC11"
"669","BATA17E1","EXB0012",8.71,45,392,"BATA17"
"670","BATA16E1","EXB0012",9.17,45,413,"BATA16"
"671","BATA15E1","EXB0012",6.83,45,307,"BATA15"
"672","BATB11E1","EXB0012",1.82,45,82,"BATB11"
"673","BATB07E1","EXB0012",0.68,45,31,"BATB07"
"674","C1_EXB0012E1","EXB0012",0,45,0,"C1_EXB0012"
"675","BATB15E1","EXB0012",1.63,45,73,"BATB15"
"676","BATB14E1","EXB0012",1.62,45,73,"BATB14"
"677","BATC05E1","EXB0012",14.4,45,648,"BATC05"
"678","BATC16E1","EXB0012",9.91,45,446,"BATC16"
"679","BATC08E1","EXB0012",14.1,45,635,"BATC08"
"680","BATA01E1","EXB0012",15.5,45,698,"BATA01"
"681","BATB04E1","EXB0012",0.64,45,29,"BATB04"
"682","BATA09E1","EXB0012",11,45,495,"BATA09"
"683","BATA10E1","EXB0012",12.5,45,563,"BATA10"
"684","BATB03E1","EXB0012",0.73,45,33,"BATB03"
"685","BATA14E1","EXB0012",9.55,45,430,"BATA14"
"686","BATC15E1","EXB0012",8.13,45,366,"BATC15"
"687","BATB10E1","EXB0012",0.92,45,41,"BATB10"
"688","BATC13E1","EXB0012",15.8,45,711,"BATC13"
"689","BATA04E1","EXB0012",14.3,45,644,"BATA04"
"690","BATA03E1","EXB0012",12.5,45,563,"BATA03"
"691","BATB01E1","EXB0012",1.59,45,72,"BATB01"
"692","BATB08E1","EXB0012",0.74,45,33,"BATB08"
"693","BATA11E1","EXB0012",10.8,45,486,"BATA11"
"694","BATC06E1","EXB0012",26.3,45,1184,"BATC06"
"695","BATB09E1","EXB0012",0.63,45,28,"BATB09"
"696","BATC10E1","EXB0012",15.3,45,689,"BATC10"
"697","BATC01E1","EXB0012",14.9,45,671,"BATC01"
"698","BATB20E1","EXB0012",8.27,45,372,"BATB20"
"699","BATC19E1","EXB0012",8.54,45,384,"BATC19"
"700","BATC03E1","EXB0012",15.5,45,698,"BATC03"
"701","BATA12E1","EXB0012",6.24,45,281,"BATA12"
"702","BATB18E1","EXB0012",1.58,45,71,"BATB18"
"703","BATA02E1","EXB0012",12.3,45,554,"BATA02"
"704","BATC09E1","EXB0012",12.6,45,567,"BATC09"
"705","BATB19E1","EXB0012",1.4,45,63,"BATB19"
"706","BATB06E1","EXB0012",1.33,45,60,"BATB06"
"707","BATB02E1","EXB0012",1.03,45,46,"BATB02"
"708","ABS02E1","EXB0014",8.32,45,374,"ABS02"
"709","ABS12E1","EXB0014",0.99,45,45,"ABS12"
"710","ABS20E1","EXB0014",1.47,45,66,"ABS20"
"711","ABS26E1","EXB0014",3.41,45,153,"ABS26"
"712","ABS28E1","EXB0014",3.49,45,157,"ABS28"
"713","ABS32E1","EXB0014",1.55,45,70,"ABS32"
"714","ABS40E1","EXB0014",0.59,45,26,"ABS40"
"715","ABS42E1","EXB0014",1.74,45,78,"ABS42"
"716","ABS92E1","EXB0014",0.92,45,41,"ABS92"
"717","ABS94E1","EXB0014",1.31,45,59,"ABS94"
"718","ABS96E1","EXB0014",2.4,45,108,"ABS96"
"719","ACO90E1","EXB0014",2.51,45,113,"ACO90"
"720","ACO91E1","EXB0014",0.81,45,36,"ACO91"
"721","ACP12E1","EXB0014",0.34,45,15,"ACP12"
"722","ACP13E1","EXB0014",0.56,45,25,"ACP13"
"723","ACX32E1","EXB0014",3.75,45,169,"ACX32"
"724","ACX40E1","EXB0014",0.21,45,9,"ACX40"
"725","ACX42E1","EXB0014",0.46,45,21,"ACX42"
"726","ADA63E1","EXB0014",2.42,45,109,"ADA63"
"727","ADA65E1","EXB0014",0.25,45,11,"ADA65"
"728","ADA67E1","EXB0014",0.93,45,42,"ADA67"
"729","ADA68E1","EXB0014",1.01,45,45,"ADA68"
"730","ADA70E1","EXB0014",1.48,45,67,"ADA70"
"731","ADA72E1","EXB0014",1.05,45,47,"ADA72"
"732","ADV25E1","EXB0014",1.85,45,83,"ADV25"
"733","ADV55E1","EXB0014",0.09,45,4,"ADV55"
"734","ADV57E1","EXB0014",0,45,0,"ADV57"
"735","C1_EXB0014E1","EXB0014",0,45,0,"C1_EXB0014"
"736","ABC64E1","EXB0019",8.82,45,397,"ABC64"
"737","ABC73E1","EXB0019",2.56,45,115,"ABC73"
"738","ABC84E1","EXB0019",1.03,45,46,"ABC84"
"739","ABD12E1","EXB0019",6.63,45,298,"ABD12"
"740","ACH69E1","EXB0019",1.13,45,51,"ACH69"
"741","ACP06E1","EXB0019",0.44,45,20,"ACP06"
"742","ACP15E1","EXB0019",0,45,0,"ACP15"
"743","ACP16E1","EXB0019",0.46,45,21,"ACP16"
"744","ACP19E1","EXB0019",1.24,45,56,"ACP19"
"745","ACP22E1","EXB0019",1.03,45,46,"ACP22"
"746","ACP23E1","EXB0019",3.02,45,136,"ACP23"
"747","ADU83E1","EXB0019",0,45,0,"ADU83"
"748","ADU88E1","EXB0019",0,45,0,"ADU88"
"749","ADU91E1","EXB0019",0,45,0,"ADU91"
"750","ADU93E1","EXB0019",0,45,0,"ADU93"
"751","ADU95E1","EXB0019",0,45,0,"ADU95"
"752","ADV02E1","EXB0019",0.06,45,3,"ADV02"
"753","ADV08E1","EXB0019",0,45,0,"ADV08"
"754","ADV11E1","EXB0019",0.06,45,2,"ADV11"
"755","ADV19E1","EXB0019",0,45,0,"ADV19"
"756","ADV53E1","EXB0019",0,45,0,"ADV53"
"757","C1_EXB0019E1","EXB0019",0,45,0,"C1_EXB0019"
"758","AFN06E1","EXB0020",0.76,45,34,"AFN06"
"759","AFN08E1","EXB0020",0.34,45,15,"AFN08"
"760","AFN10E1","EXB0020",0.28,45,13,"AFN10"
"761","AFN12E1","EXB0020",1.53,45,69,"AFN12"
"762","AFN31E1","EXB0020",0.12,45,6,"AFN31"
"763","AFN23E1","EXB0020",0.13,45,6,"AFN23"
"764","AFN28E1","EXB0020",0.26,45,12,"AFN28"
"765","AFN29E1","EXB0020",0.12,45,6,"AFN29"
"766","ACJ37E1","EXB0020",0.11,45,5,"ACJ37"
"767","ACJ39E1","EXB0020",1.34,45,60,"ACJ39"
"768","ACE28E1","EXB0020",0.68,45,31,"ACE28"
"769","ACD03E1","EXB0020",0,45,0,"ACD03"
"770","ACD90E1","EXB0020",0.1,45,5,"ACD90"
"771","ACE34E1","EXB0020",0,45,0,"ACE34"
"772","ACD79E1","EXB0020",0.06,45,3,"ACD79"
"773","C1_EXB0020E1","EXB0020",0.46,45,21,"C1_EXB0020"
"774","ACC01E1","EXB0024",1.43,45,64,"ACC01"
"775","ACC02E1","EXB0024",1.4,45,63,"ACC02"
"776","ACC03E1","EXB0024",1.07,45,48,"ACC03"
"777","ACC18E1","EXB0024",0.74,45,33,"ACC18"
"778","ACC19E1","EXB0024",0.42,45,19,"ACC19"
"779","ACC29E1","EXB0024",0.89,45,40,"ACC29"
"780","ACJ38E1","EXB0024",0.33,45,15,"ACJ38"
"781","C1_EXB0024E1","EXB0024",0,45,0,"C1_EXB0024"
"782","ACC04E1","EXB0025",1.39,45,63,"ACC04"
"783","ACC05E1","EXB0025",1.49,45,67,"ACC05"
"784","ACC15E1","EXB0025",0,45,0,"ACC15"
"785","ACC16E1","EXB0025",1.04,45,47,"ACC16"
"786","ACC17E1","EXB0025",0.31,45,14,"ACC17"
"787","ACJ40E1","EXB0025",0.95,45,43,"ACJ40"
"788","ACJ42E1","EXB0025",0.76,45,34,"ACJ42"
"789","ACJ48E1","EXB0025",0.89,45,40,"ACJ48"
"790","ACJ62E1","EXB0025",0.63,45,28,"ACJ62"
"791","ACZ94E1","EXB0025",1.24,45,56,"ACZ94"
"792","ACZ96E1","EXB0025",0,45,0,"ACZ96"
"793","ACZ98E1","EXB0025",0.51,45,23,"ACZ98"
"794","ADA01E1","EXB0025",0.46,45,21,"ADA01"
"795","ADA11E1","EXB0025",0.69,45,31,"ADA11"
"796","ADA13E1","EXB0025",0.56,45,25,"ADA13"
"797","ADA15E1","EXB0025",0.41,45,18,"ADA15"
"798","ADA17E1","EXB0025",0.71,45,32,"ADA17"
"799","ADA19E1","EXB0025",0.33,45,15,"ADA19"
"800","OPAU25E1","EXB0025",1.45,45,65,"OPAU25"
"801","OPAU11E1","EXB0025",0.9,45,40,"OPAU11"
"802","OPAU13E1","EXB0025",0.53,45,24,"OPAU13"
"803","OPAU15E1","EXB0025",0.65,45,29,"OPAU15"
"804","C1_EXB0025E1","EXB0025",0.09,45,4,"C1_EXB0025"
"805","ADI75E1","EXB0028",14.2,45,639,"ADI75"
"806","ADI81E1","EXB0028",3.33,45,150,"ADI81"
"807","ADI93E1","EXB0028",0.6,45,27,"ADI93"
"808","ADI97E1","EXB0028",3.01,45,135,"ADI97"
"809","ADJ06E1","EXB0028",8.72,45,392,"ADJ06"
"810","ADJ26E1","EXB0028",9.05,45,407,"ADJ26"
"811","ADJ27E1","EXB0028",0.2,45,9,"ADJ27"
"812","ADJ34E1","EXB0028",0.66,45,29,"ADJ34"
"813","ADJ44E1","EXB0028",17.7,45,797,"ADJ44"
"814","ADJ93E1","EXB0028",16.2,45,729,"ADJ93"
"815","ADJ97E1","EXB0028",0.49,45,22,"ADJ97"
"816","ADK02E1","EXB0028",16.4,45,738,"ADK02"
"817","ADK06E1","EXB0028",16.3,45,734,"ADK06"
"818","ADK11E1","EXB0028",15.6,45,702,"ADK11"
"819","ADK20E1","EXB0028",0.24,45,11,"ADK20"
"820","ADK22E1","EXB0028",24.6,45,1107,"ADK22"
"821","ADK28E1","EXB0028",9,45,405,"ADK28"
"822","ADK30E1","EXB0028",22.9,45,1031,"ADK30"
"823","ADK32E1","EXB0028",0.09,45,4,"ADK32"
"824","ADK34E1","EXB0028",1.97,45,89,"ADK34"
"825","ADL20E1","EXB0028",4.64,45,209,"ADL20"
"826","ADL22E1","EXB0028",0.35,45,16,"ADL22"
"827","ADL26E1","EXB0028",5.53,45,249,"ADL26"
"828","ADL30E1","EXB0028",2.12,45,95,"ADL30"
"829","ADL33E1","EXB0028",3.86,45,174,"ADL33"
"830","ADL34E1","EXB0028",0.45,45,20,"ADL34"
"831","ADL59E1","EXB0028",3.21,45,144,"ADL59"
"832","ADL62E1","EXB0028",4.35,45,196,"ADL62"
"833","ADL63E1","EXB0028",27.3,45,1229,"ADL63"
"834","ADL70E1","EXB0028",25.8,45,1161,"ADL70"
"835","ADL72E1","EXB0028",21.6,45,972,"ADL72"
"836","ADL74E1","EXB0028",9.04,45,407,"ADL74"
"837","ADL76E1","EXB0028",1.48,45,67,"ADL76"
"838","ADL90E1","EXB0028",10.9,45,491,"ADL90"
"839","ADL93E1","EXB0028",0.26,45,12,"ADL93"
"840","ADL98E1","EXB0028",33.9,45,1526,"ADL98"
"841","ADM03E1","EXB0028",0.25,45,11,"ADM03"
"842","ADM14E1","EXB0028",8.58,45,386,"ADM14"
"843","ADM16E1","EXB0028",20.2,45,909,"ADM16"
"844","ADM19E1","EXB0028",4.59,45,207,"ADM19"
"845","ADM21E1","EXB0028",0,45,0,"ADM21"
"846","ADM28E1","EXB0028",0.11,45,5,"ADM28"
"847","ADM31E1","EXB0028",6,45,270,"ADM31"
"848","ADM42E1","EXB0028",6.38,45,287,"ADM42"
"849","ADM43E1","EXB0028",13.8,45,621,"ADM43"
"850","ADM56E1","EXB0028",16.3,45,734,"ADM56"
"851","ADM61E1","EXB0028",26.1,45,1175,"ADM61"
"852","ADM66E1","EXB0028",19.7,45,887,"ADM66"
"853","ADM74E1","EXB0028",18.3,45,824,"ADM74"
"854","ADM79E1","EXB0028",7.68,45,346,"ADM79"
"855","C1_EXB0026E1","EXB0028",0,45,0,"C1_EXB0026"
"856","OPAU17E1","EXB0027",0.55,45,25,"OPAU17"
"857","OPAU19E1","EXB0027",0.64,45,29,"OPAU19"
"858","OPAU23E1","EXB0027",0.29,45,13,"OPAU23"
"859","OPAU1E1","EXB0027",0.02,45,1,"OPAU1"
"860","OPAU27E1","EXB0027",0.51,45,23,"OPAU27"
"861","OPAU29E1","EXB0027",0.2,45,9,"OPAU29"
"862","OPAU3E1","EXB0027",0.91,45,41,"OPAU3"
"863","OPAU31E1","EXB0027",0.57,45,26,"OPAU31"
"864","OPAU33E1","EXB0027",0.66,45,30,"OPAU33"
"865","OPAU35E1","EXB0027",0.12,45,5,"OPAU35"
"866","OPAU37E1","EXB0027",0.11,45,5,"OPAU37"
"867","OPAU39E1","EXB0027",1.15,45,52,"OPAU39"
"868","OPAU41E1","EXB0027",0.16,45,7,"OPAU41"
"869","OPAU43E1","EXB0027",0.07,45,3,"OPAU43"
"870","OPAU45E1","EXB0027",0.12,45,5,"OPAU45"
"871","OPAU47E1","EXB0027",0.18,45,8,"OPAU47"
"872","OPAU49E1","EXB0027",0.31,45,14,"OPAU49"
"873","OPAU5E1","EXB0027",1.79,45,81,"OPAU5"
"874","OPAU51E1","EXB0027",0.34,45,15,"OPAU51"
"875","OPAU53E1","EXB0027",0.32,45,14,"OPAU53"
"876","OPAU55E1","EXB0027",0.07,45,3,"OPAU55"
"877","OPAU57E1","EXB0027",0.17,45,7,"OPAU57"
"878","OPAU59E1","EXB0027",0.1,45,5,"OPAU59"
"879","OPAU61E1","EXB0027",0.21,45,9,"OPAU61"
"880","OPAU63E1","EXB0027",0.21,45,9,"OPAU63"
"881","OPAU65E1","EXB0027",0.14,45,6,"OPAU65"
"882","OPAU67E1","EXB0027",0.06,45,3,"OPAU67"
"883","OPAU69E1","EXB0027",0.08,45,4,"OPAU69"
"884","OPAU7E1","EXB0027",1.29,45,58,"OPAU7"
"885","OPAU71E1","EXB0027",0.06,45,3,"OPAU71"
"886","OPAU9E1","EXB0027",1.3,45,59,"OPAU9"
"887","C1_EXB0027E1","EXB0027",0.06,45,3,"C1_EXB0027"
"888","ADM18E1","EXB0028",14.3,45,644,"ADM18"
"889","ADA11E2","EXB0032",1.31,45,59,"ADA11"
"890","ACJ38E2","EXB0032",0.3,45,14,"ACJ38"
"891","ACC17E2","EXB0032",0.44,45,20,"ACC17"
"892","ADA01E2","EXB0032",0.83,45,37,"ADA01"
"893","ADA15E2","EXB0032",2.19,45,99,"ADA15"
"894","ACC16E2","EXB0032",1,45,45,"ACC16"
"895","ACJ62E2","EXB0032",1.27,45,57,"ACJ62"
"896","ADA13E2","EXB0032",4.75,45,214,"ADA13"
"897","C3_EXB0032E1","EXB0032",0,45,0,"C3_EXB0032"
"898","C4_EXB0032E1","EXB0032",0,45,0,"C4_EXB0032"
"899","C1_EXB0032E1","EXB0032",0,45,0,"C1_EXB0032"
"900","C2_EXB0032E1","EXB0032",0,45,0,"C2_EXB0032"
"901","AA58E1","EXB0029",2.23,45,100,"AA58"
"902","AA74E1","EXB0029",1.93,45,87,"AA74"
"903","AA92E1","EXB0029",14.5,45,653,"AA92"
"904","AB02E1","EXB0029",1.24,45,56,"AB02"
"905","AB05E1","EXB0029",0.39,45,17,"AB05"
"906","AB06E1","EXB0029",12.9,45,581,"AB06"
"907","AB09E1","EXB0029",15.5,45,698,"AB09"
"908","AB13E1","EXB0029",1.37,45,62,"AB13"
"909","ABZ26E1","EXB0029",6.73,45,303,"ABZ26"
"910","ABZ29E1","EXB0029",3.18,45,143,"ABZ29"
"911","ABZ32E1","EXB0029",4.89,45,220,"ABZ32"
"912","ABZ36E1","EXB0029",7.63,45,343,"ABZ36"
"913","ABZ39E1","EXB0029",15.1,45,680,"ABZ39"
"914","ABZ43E1","EXB0029",6.24,45,281,"ABZ43"
"915","ABZ50E1","EXB0029",0.71,45,32,"ABZ50"
"916","ADD83E1","EXB0029",2.32,45,104,"ADD83"
"917","ADD87E1","EXB0029",15.9,45,716,"ADD87"
"918","ADD90E1","EXB0029",0.95,45,43,"ADD90"
"919","ADD91E1","EXB0029",2.03,45,91,"ADD91"
"920","ADD97E1","EXB0029",5.45,45,245,"ADD97"
"921","ADE05E1","EXB0029",0.25,45,11,"ADE05"
"922","ADE11E1","EXB0029",0.95,45,43,"ADE11"
"923","ADE15E1","EXB0029",2.43,45,109,"ADE15"
"924","AFV24E1","EXB0029",3.82,45,172,"AFV24"
"925","AFV34E1","EXB0029",46,45,2070,"AFV34"
"926","AFV44E1","EXB0029",4.8,45,216,"AFV44"
"927","AFV60E1","EXB0029",0.39,45,18,"AFV60"
"928","AFV64E1","EXB0029",0,45,0,"AFV64"
"929","AFV67E1","EXB0029",15,45,675,"AFV67"
"930","AFV78E1","EXB0029",7.87,45,354,"AFV78"
"931","AFV82E1","EXB0029",1.82,45,82,"AFV82"
"932","AFV96E1","EXB0029",9.09,45,409,"AFV96"
"933","AFW01E1","EXB0029",1.59,45,72,"AFW01"
"934","AFW06E1","EXB0029",23.6,45,1062,"AFW06"
"935","AFW08E1","EXB0029",25.9,45,1166,"AFW08"
"936","AFW10E1","EXB0029",2.97,45,134,"AFW10"
"937","AFW12E1","EXB0029",1.32,45,59,"AFW12"
"938","AFW84E1","EXB0029",7.04,45,317,"AFW84"
"939","C1_EXB0029E1","EXB0029",0.07,45,3,"C1_EXB0029"
"940","ACC01E2","EXB0033",8.77,45,395,"ACC01"
"941","ACC02E2","EXB0033",5.88,45,265,"ACC02"
"942","ACC03E2","EXB0033",7.09,45,319,"ACC03"
"943","ACC04E2","EXB0033",2.71,45,122,"ACC04"
"944","OPAU23E2","EXB0033",6.17,45,278,"OPAU23"
"945","ACC18E2","EXB0033",2.89,45,130,"ACC18"
"946","ACC19E2","EXB0033",0.92,45,41,"ACC19"
"947","ACC29E2","EXB0033",4.6,45,207,"ACC29"
"948","ACZ94E2","EXB0033",2.47,45,111,"ACZ94"
"949","OPAU27E2","EXB0033",6.34,45,285,"OPAU27"
"950","ACZ98E2","EXB0033",1.55,45,70,"ACZ98"
"951","ADA17E2","EXB0033",2.21,45,99,"ADA17"
"952","ADA19E2","EXB0033",1.21,45,54,"ADA19"
"953","OPAU1E2","EXB0033",5.35,45,241,"OPAU1"
"954","OPAU3E2","EXB0033",4.42,45,199,"OPAU3"
"955","OPAU5E2","EXB0033",1.57,45,71,"OPAU5"
"956","OPAU7E2","EXB0033",1.74,45,78,"OPAU7"
"957","OPAU9E2","EXB0033",4.14,45,186,"OPAU9"
"958","OPAU17E2","EXB0033",7.03,45,316,"OPAU17"
"959","OPAU19E2","EXB0033",5.99,45,270,"OPAU19"
"960","OPAU11E2","EXB0033",3,45,135,"OPAU11"
"961","OPAU13E2","EXB0033",3.62,45,163,"OPAU13"
"962","OPAU15E2","EXB0033",3.6,45,162,"OPAU15"
"963","OPAU25E2","EXB0033",1.47,45,66,"OPAU25"
"964","C1_EXB0033E1","EXB0033",0,45,0,"C1_EXB0033"
"965","OPAU29E2","EXB0035",9.8,45,441,"OPAU29"
"966","OPAU31E2","EXB0035",10.3,45,464,"OPAU31"
"967","OPAU33E2","EXB0035",7.75,45,349,"OPAU33"
"968","OPAU35E2","EXB0035",7.67,45,345,"OPAU35"
"969","OPAU37E2","EXB0035",8.12,45,365,"OPAU37"
"970","OPAU39E2","EXB0035",0,45,0,"OPAU39"
"971","OPAU41E2","EXB0035",10,45,450,"OPAU41"
"972","OPAU43E2","EXB0035",15.8,45,711,"OPAU43"
"973","OPAU45E2","EXB0035",12.8,45,576,"OPAU45"
"974","OPAU47E2","EXB0035",1.54,45,69,"OPAU47"
"975","OPAU49E2","EXB0035",1.58,45,71,"OPAU49"
"976","OPAU51E2","EXB0035",8.78,45,395,"OPAU51"
"977","OPAU53E2","EXB0035",9.94,45,447,"OPAU53"
"978","OPAU55E2","EXB0035",4.81,45,216,"OPAU55"
"979","OPAU57E2","EXB0035",5.47,45,246,"OPAU57"
"980","OPAU59E2","EXB0035",4.47,45,201,"OPAU59"
"981","OPAU61E2","EXB0035",6.08,45,274,"OPAU61"
"982","OPAU63E2","EXB0035",6.27,45,282,"OPAU63"
"983","OPAU65E2","EXB0035",5.82,45,262,"OPAU65"
"984","OPAU67E2","EXB0035",14.8,45,666,"OPAU67"
"985","OPAU69E2","EXB0035",7.01,45,315,"OPAU69"
"986","OPAU71E2","EXB0035",5.37,45,242,"OPAU71"
"987","C1_EXB0035E1","EXB0035",0,45,0,"C1_EXB0035"
"988","OPAU18E1","EXB0030",0.34,45,15,"OPAU18"
"989","OPAU20E1","EXB0030",0.39,45,18,"OPAU20"
"990","OPAU24E1","EXB0030",0.7,45,31,"OPAU24"
"991","OPAU26E1","EXB0030",0.54,45,24,"OPAU26"
"992","OPAU28E1","EXB0030",1.78,45,80,"OPAU28"
"993","OPAU30E1","EXB0030",1.66,45,75,"OPAU30"
"994","OPAU32E1","EXB0030",0.36,45,16,"OPAU32"
"995","OPAU34E1","EXB0030",0.24,45,11,"OPAU34"
"996","OPAU36E1","EXB0030",0.15,45,7,"OPAU36"
"997","OPAU38E1","EXB0030",0.21,45,9,"OPAU38"
"998","OPAU40E1","EXB0030",0.27,45,12,"OPAU40"
"999","OPAU42E1","EXB0030",1.05,45,47,"OPAU42"
"1000","OPAU44E1","EXB0030",2.42,45,109,"OPAU44"
"1001","OPAU46E1","EXB0030",0.29,45,13,"OPAU46"
"1002","OPAU48E1","EXB0030",1.12,45,50,"OPAU48"
"1003","OPAU50E1","EXB0030",1.74,45,78,"OPAU50"
"1004","OPAU52E1","EXB0030",0.16,45,7,"OPAU52"
"1005","OPAU54E1","EXB0030",0.08,45,4,"OPAU54"
"1006","OPAU56E1","EXB0030",0.84,45,38,"OPAU56"
"1007","OPAU58E1","EXB0030",0.9,45,41,"OPAU58"
"1008","OPAU60E1","EXB0030",1.16,45,52,"OPAU60"
"1009","OPAU62E1","EXB0030",0.18,45,8,"OPAU62"
"1010","OPAU64E1","EXB0030",0.59,45,27,"OPAU64"
"1011","OPAU66E1","EXB0030",0.48,45,22,"OPAU66"
"1012","OPAU68E1","EXB0030",1.72,45,77,"OPAU68"
"1013","OPAU70E1","EXB0030",0.31,45,14,"OPAU70"
"1014","OPAU72E1","EXB0030",0.69,45,31,"OPAU72"
"1015","ACB19E1","EXB0030",0.41,45,18,"ACB19"
"1016","ACB20E1","EXB0030",1.02,45,46,"ACB20"
"1017","ACB21E1","EXB0030",0.11,45,5,"ACB21"
"1018","ACB22E1","EXB0030",0.16,45,7,"ACB22"
"1019","ACB23E1","EXB0030",0.14,45,6,"ACB23"
"1020","ABZ56E1","EXB0030",0.06,45,3,"ABZ56"
"1021","ABZ58E1","EXB0030",1.22,45,55,"ABZ58"
"1022","ABZ62E1","EXB0030",3.73,45,168,"ABZ62"
"1023","ABZ64E1","EXB0030",0.18,45,8,"ABZ64"
"1024","ABZ66E1","EXB0030",5.05,45,227,"ABZ66"
"1025","ABZ68E1","EXB0030",3.77,45,170,"ABZ68"
"1026","AGF06E1","EXB0030",13.1,45,590,"AGF06"
"1027","AGF10E1","EXB0030",8.71,45,392,"AGF10"
"1028","AGF18E1","EXB0030",0.5,45,23,"AGF18"
"1029","AGF24E1","EXB0030",1.58,45,71,"AGF24"
"1030","AGF26E1","EXB0030",0.73,45,33,"AGF26"
"1031","AGF86E1","EXB0030",0.4,45,18,"AGF86"
"1032","AGF90E1","EXB0030",1.34,45,60,"AGF90"
"1033","AGF91E1","EXB0030",1.13,45,51,"AGF91"
"1034","AGF95E1","EXB0030",2.23,45,100,"AGF95"
"1035","AGF98E1","EXB0030",1.05,45,47,"AGF98"
"1036","AGH20E1","EXB0030",0.24,45,11,"AGH20"
"1037","AGH22E1","EXB0030",16.3,45,734,"AGH22"
"1038","AGH23E1","EXB0030",1.78,45,80,"AGH23"
"1039","AGH24E1","EXB0030",6.15,45,277,"AGH24"
"1040","AGH37E1","EXB0030",0.67,45,30,"AGH37"
"1041","AGH38E1","EXB0030",0.55,45,25,"AGH38"
"1042","AGH42E1","EXB0030",1.91,45,86,"AGH42"
"1043","AGH43E1","EXB0030",0.01,45,1,"AGH43"
"1044","AGH49E1","EXB0030",1.39,45,63,"AGH49"
"1045","C1_EXB0030E1","EXB0030",0.04,45,2,"C1_EXB0030"
"1046","ABS02E2","EXB0031",7.3,45,329,"ABS02"
"1047","ABS12E2","EXB0031",0.72,45,32,"ABS12"
"1048","ABS20E2","EXB0031",0,45,0,"ABS20"
"1049","ABS26E2","EXB0031",1.8,45,81,"ABS26"
"1050","ABS28E2","EXB0031",1.62,45,73,"ABS28"
"1051","ABS32E2","EXB0031",0.62,45,28,"ABS32"
"1052","ABS40E2","EXB0031",0.56,45,25,"ABS40"
"1053","ABS42E2","EXB0031",0.61,45,27,"ABS42"
"1054","ABS92E2","EXB0031",0.37,45,16,"ABS92"
"1055","ABS94E2","EXB0031",0.57,45,26,"ABS94"
"1056","ABS96E2","EXB0031",1.02,45,46,"ABS96"
"1057","ACO90E2","EXB0031",0.49,45,22,"ACO90"
"1058","ACO91E2","EXB0031",0.83,45,37,"ACO91"
"1059","ACP12E2","EXB0031",0.11,45,5,"ACP12"
"1060","ACP13E2","EXB0031",0.3,45,13,"ACP13"
"1061","ACX32E2","EXB0031",1.13,45,51,"ACX32"
"1062","ACX40E2","EXB0031",0,45,0,"ACX40"
"1063","ACX42E2","EXB0031",0.11,45,5,"ACX42"
"1064","ADA63E2","EXB0031",1.59,45,72,"ADA63"
"1065","ADA65E2","EXB0031",0.06,45,3,"ADA65"
"1066","ADA67E2","EXB0031",1.95,30,59,"ADA67"
"1067","ADA68E2","EXB0031",0.66,45,29,"ADA68"
"1068","ADA70E2","EXB0031",1.35,45,61,"ADA70"
"1069","ADA72E2","EXB0031",0.25,45,11,"ADA72"
"1070","ADV25E2","EXB0031",1.63,45,73,"ADV25"
"1071","ADV55E2","EXB0031",0,45,0,"ADV55"
"1072","ADV57E2","EXB0031",0,45,0,"ADV57"
"1073","ABG38E2","EXB0031",0.67,45,30,"ABG38"
"1074","ABG57E2","EXB0031",3.45,45,155,"ABG57"
"1075","AAM53E2","EXB0031",1.03,45,46,"AAM53"
"1076","ADK31E2","EXB0031",0.13,45,6,"ADK31"
"1077","ADK23E2","EXB0031",6.08,45,274,"ADK23"
"1078","ADK10E2","EXB0031",0.49,45,22,"ADK10"
"1079","ADJ92E2","EXB0031",11.6,45,522,"ADJ92"
"1080","ACZ33E2","EXB0031",1.15,45,52,"ACZ33"
"1081","C1_EXB0031E1","EXB0031",0,45,0,"C1_EXB0031"
"1082","ABI39E1","EXB0037",24.2,45,1089,"ABI39"
"1083","ABI41E1","EXB0037",20.4,45,918,"ABI41"
"1084","ABI43E1","EXB0037",58.3,45,2624,"ABI43"
"1085","ABI45E1","EXB0037",16.1,45,725,"ABI45"
"1086","ABI57E1","EXB0037",56.7,45,2552,"ABI57"
"1087","ABI59E1","EXB0037",45.4,45,2043,"ABI59"
"1088","ABK04E1","EXB0037",21.3,45,959,"ABK04"
"1089","ABK06E1","EXB0037",12.3,45,554,"ABK06"
"1090","ABK13E1","EXB0037",40.1,45,1805,"ABK13"
"1091","ABK17E1","EXB0037",26.9,45,1211,"ABK17"
"1092","ABK19E1","EXB0037",28.1,45,1265,"ABK19"
"1093","ABK21E1","EXB0037",18.5,45,833,"ABK21"
"1094","ABK43E1","EXB0037",14,45,630,"ABK43"
"1095","ABK45E1","EXB0037",7.75,45,349,"ABK45"
"1096","ABK47E1","EXB0037",33.3,45,1498,"ABK47"
"1097","ABK49E1","EXB0037",13.9,45,626,"ABK49"
"1098","ABK56E1","EXB0037",26.7,45,1202,"ABK56"
"1099","ABK58E1","EXB0037",34.9,45,1571,"ABK58"
"1100","ABK60E1","EXB0037",48.7,45,2192,"ABK60"
"1101","ABK62E1","EXB0037",41.9,45,1886,"ABK62"
"1102","ABK68E1","EXB0037",32.8,45,1476,"ABK68"
"1103","ABK70E1","EXB0037",13.8,45,621,"ABK70"
"1104","ABK72E1","EXB0037",51,45,2295,"ABK72"
"1105","ABK74E1","EXB0037",22.9,45,1031,"ABK74"
"1106","C1_EXB0037E1","EXB0037",0,45,0,"C1_EXB0037"
"1107","AAH01E1","EXB0038",8.25,45,371,"AAH01"
"1108","AAH13E1","EXB0038",3.48,45,157,"AAH13"
"1109","AAH21E1","EXB0038",4.5,45,203,"AAH21"
"1110","AAH39E1","EXB0038",5.11,45,230,"AAH39"
"1111","AAH41E1","EXB0038",1.87,45,84,"AAH41"
"1112","AAH53E1","EXB0038",0.51,45,23,"AAH53"
"1113","AAH59E1","EXB0038",0.11,45,5,"AAH59"
"1114","AAH63E1","EXB0038",0.16,45,7,"AAH63"
"1115","AAH67E1","EXB0038",0.78,45,35,"AAH67"
"1116","AAH77E1","EXB0038",0.41,45,18,"AAH77"
"1117","AAH79E1","EXB0038",0.68,45,31,"AAH79"
"1118","AAH83E1","EXB0038",0.29,45,13,"AAH83"
"1119","AAH84E1","EXB0038",0.26,45,12,"AAH84"
"1120","AAH89E1","EXB0038",0.19,45,8,"AAH89"
"1121","AAI06E1","EXB0038",2.72,45,122,"AAI06"
"1122","AAI10E1","EXB0038",2.71,45,122,"AAI10"
"1123","AAI14E1","EXB0038",2.73,45,123,"AAI14"
"1124","ACC86E1","EXB0038",0,45,0,"ACC86"
"1125","ACC91E1","EXB0038",0,45,0,"ACC91"
"1126","ACC98E1","EXB0038",0,45,0,"ACC98"
"1127","ACD05E1","EXB0038",0,45,0,"ACD05"
"1128","ACD06E1","EXB0038",0.16,45,7,"ACD06"
"1129","ACD17E1","EXB0038",0,45,0,"ACD17"
"1130","ACD19E1","EXB0038",0,45,0,"ACD19"
"1131","ACD20E1","EXB0038",0.25,45,11,"ACD20"
"1132","ACD23E1","EXB0038",0.14,45,6,"ACD23"
"1133","ACD26E1","EXB0038",0,45,0,"ACD26"
"1134","ACD65E1","EXB0038",0,45,0,"ACD65"
"1135","ACD80E1","EXB0038",0,45,0,"ACD80"
"1136","ACD85E1","EXB0038",0,45,0,"ACD85"
"1137","ACD88E1","EXB0038",0,45,0,"ACD88"
"1138","ACD92E1","EXB0038",0,45,0,"ACD92"
"1139","ACD98E1","EXB0038",0,45,0,"ACD98"
"1140","ACE08E1","EXB0038",0,45,0,"ACE08"
"1141","ACE11E1","EXB0038",2.64,45,119,"ACE11"
"1142","ACE21E1","EXB0038",0,45,0,"ACE21"
"1143","ACE30E1","EXB0038",0,45,0,"ACE30"
"1144","ACE33E1","EXB0038",0,45,0,"ACE33"
"1145","ACE43E1","EXB0038",0,45,0,"ACE43"
"1146","C1_EXB0038E1","EXB0038",0.08,45,3,"C1_EXB0038"
"1147","AFO76E1","EXB0039",10.7,45,481,"AFO76"
"1148","AFO79E1","EXB0039",2.33,45,105,"AFO79"
"1149","AFO81E1","EXB0039",2.08,45,94,"AFO81"
"1150","AFO89E1","EXB0039",4.56,45,205,"AFO89"
"1151","AFO93E1","EXB0039",8.86,45,399,"AFO93"
"1152","AFO95E1","EXB0039",1.01,45,45,"AFO95"
"1153","AFO99E1","EXB0039",11.4,45,513,"AFO99"
"1154","AFP03E1","EXB0039",0,45,0,"AFP03"
"1155","AFP05E1","EXB0039",0,45,0,"AFP05"
"1156","AFP15E1","EXB0039",6.87,45,309,"AFP15"
"1157","AFP19E1","EXB0039",17.3,45,779,"AFP19"
"1158","AFP29E1","EXB0039",0,45,0,"AFP29"
"1159","AFP31E1","EXB0039",9.91,45,446,"AFP31"
"1160","AFP35E1","EXB0039",6.14,45,276,"AFP35"
"1161","AFP37E1","EXB0039",3.93,45,177,"AFP37"
"1162","AFP39E1","EXB0039",1.83,45,82,"AFP39"
"1163","AFP41E1","EXB0039",0.09,45,4,"AFP41"
"1164","AFP45E1","EXB0039",7.44,45,335,"AFP45"
"1165","AFP47E1","EXB0039",2.18,45,98,"AFP47"
"1166","AFP49E1","EXB0039",0,45,0,"AFP49"
"1167","AFP53E1","EXB0039",0.23,45,10,"AFP53"
"1168","AFP55E1","EXB0039",0,45,0,"AFP55"
"1169","AFP61E1","EXB0039",5.41,45,243,"AFP61"
"1170","AFP66E1","EXB0039",46,45,2070,"AFP66"
"1171","AFP71E1","EXB0039",2.48,45,112,"AFP71"
"1172","AFP75E1","EXB0039",1.27,45,57,"AFP75"
"1173","AFP79E1","EXB0039",6.11,45,275,"AFP79"
"1174","AFP84E1","EXB0039",7.17,45,323,"AFP84"
"1175","AFP91E1","EXB0039",4.54,45,204,"AFP91"
"1176","AFP93E1","EXB0039",25.1,45,1130,"AFP93"
"1177","AFP97E1","EXB0039",31.1,45,1400,"AFP97"
"1178","C1_EXB0039E1","EXB0039",0,45,0,"C1_EXB0039"
"1179","AFQ11E1","EXB0040",5.4,45,243,"AFQ11"
"1180","AFQ17E1","EXB0040",5.78,45,260,"AFQ17"
"1181","AFQ25E1","EXB0040",8.63,45,388,"AFQ25"
"1182","AFQ29E1","EXB0040",19.6,45,882,"AFQ29"
"1183","AFQ35E1","EXB0040",0.06,45,2,"AFQ35"
"1184","ACX25E1","EXB0040",18.1,45,815,"ACX25"
"1185","ACX27E1","EXB0040",23.9,45,1076,"ACX27"
"1186","ACX55E1","EXB0040",5.59,45,252,"ACX55"
"1187","AFQ09E1","EXB0040",36.3,45,1633,"AFQ09"
"1188","AFQ40E1","EXB0040",15.1,45,680,"AFQ40"
"1189","AFQ47E1","EXB0040",0.06,45,3,"AFQ47"
"1190","AFQ51E1","EXB0040",26.3,45,1184,"AFQ51"
"1191","AFQ89E1","EXB0040",0.1,45,5,"AFQ89"
"1192","ACX29E1","EXB0040",13,45,585,"ACX29"
"1193","ACX49E1","EXB0040",0,45,0,"ACX49"
"1194","ACX53E1","EXB0040",0.98,45,44,"ACX53"
"1195","AFQ45E1","EXB0040",0.18,45,8,"AFQ45"
"1196","AFQ67E1","EXB0040",1.62,45,73,"AFQ67"
"1197","AFQ69E1","EXB0040",21.3,45,959,"AFQ69"
"1198","AFQ71E1","EXB0040",1.49,45,67,"AFQ71"
"1199","AFQ81E1","EXB0040",1.86,45,84,"AFQ81"
"1200","AFQ83E1","EXB0040",0.13,45,6,"AFQ83"
"1201","AFQ93E1","EXB0040",0.98,45,44,"AFQ93"
"1202","AFP01E1","EXB0040",0,45,0,"AFP01"
"1203","ACX37E1","EXB0040",2.36,45,106,"ACX37"
"1204","AFP85E1","EXB0040",28.9,45,1301,"AFP85"
"1205","AFQ41E1","EXB0040",9.07,45,408,"AFQ41"
"1206","AFQ49E1","EXB0040",22.8,45,1026,"AFQ49"
"1207","AFQ65E1","EXB0040",1.35,45,61,"AFQ65"
"1208","AFQ79E1","EXB0040",0.12,45,6,"AFQ79"
"1209","AFQ85E1","EXB0040",6.41,45,288,"AFQ85"
"1210","ACX69E1","EXB0040",0.59,45,26,"ACX69"
"1211","ACX77E1","EXB0040",60,45,2700,"ACX77"
"1212","ACX88E1","EXB0040",31.2,45,1404,"ACX88"
"1213","ACY05E1","EXB0040",22.9,45,1031,"ACY05"
"1214","ACY27E1","EXB0040",0.15,45,7,"ACY27"
"1215","ACY29E1","EXB0040",11.2,45,504,"ACY29"
"1216","C1_EXB0040E1","EXB0040",0,45,0,"C1_EXB0040"
"1217","ABF99E1","EXB0041",46.2,45,2079,"ABF99"
"1218","ABG09E1","EXB0041",9.27,45,417,"ABG09"
"1219","ABQ08E1","EXB0041",29,45,1305,"ABQ08"
"1220","ABQ40E1","EXB0041",3.33,45,150,"ABQ40"
"1221","ABQ42E1","EXB0041",2.84,45,128,"ABQ42"
"1222","ABQ43E1","EXB0041",2.35,45,106,"ABQ43"
"1223","ABQ44E1","EXB0041",10.3,45,464,"ABQ44"
"1224","ABQ45E1","EXB0041",21.7,45,977,"ABQ45"
"1225","ABQ46E1","EXB0041",11.9,45,536,"ABQ46"
"1226","ABQ50E1","EXB0041",2.2,45,99,"ABQ50"
"1227","ABQ93E1","EXB0041",19.2,45,864,"ABQ93"
"1228","ABQ95E1","EXB0041",22.8,45,1026,"ABQ95"
"1229","ABR14E1","EXB0041",12.7,45,572,"ABR14"
"1230","ABR29E1","EXB0041",1.82,45,82,"ABR29"
"1231","AEV73E1","EXB0041",25,45,1125,"AEV73"
"1232","AEV75E1","EXB0041",0.24,45,11,"AEV75"
"1233","AEV79E1","EXB0041",21.1,45,950,"AEV79"
"1234","AEV81E1","EXB0041",4.8,45,216,"AEV81"
"1235","AEV83E1","EXB0041",0.19,45,8,"AEV83"
"1236","AEV85E1","EXB0041",0.26,45,11,"AEV85"
"1237","AEV97E1","EXB0041",0.21,45,9,"AEV97"
"1238","AEX06E1","EXB0041",16.3,45,734,"AEX06"
"1239","AEX07E1","EXB0041",29.9,45,1346,"AEX07"
"1240","AEX08E1","EXB0041",10.9,45,491,"AEX08"
"1241","AEX11E1","EXB0041",22.9,45,1031,"AEX11"
"1242","AEX12E1","EXB0041",7.81,45,351,"AEX12"
"1243","AEX14E1","EXB0041",9.75,45,439,"AEX14"
"1244","AEX21E1","EXB0041",6.71,45,302,"AEX21"
"1245","AEX22E1","EXB0041",2.44,45,110,"AEX22"
"1246","AEX24E1","EXB0041",0.15,45,7,"AEX24"
"1247","AEX26E1","EXB0041",0.62,45,28,"AEX26"
"1248","AEX32E1","EXB0041",17.7,45,797,"AEX32"
"1249","AEX36E1","EXB0041",37.8,45,1701,"AEX36"
"1250","AEX37E1","EXB0041",4.09,45,184,"AEX37"
"1251","AEX38E1","EXB0041",14.3,45,644,"AEX38"
"1252","AEX41E1","EXB0041",8.01,45,360,"AEX41"
"1253","AEX44E1","EXB0041",16.8,45,756,"AEX44"
"1254","AEX46E1","EXB0041",18.2,45,819,"AEX46"
"1255","AEX48E1","EXB0041",25.7,45,1157,"AEX48"
"1256","AEX55E1","EXB0041",4.68,45,211,"AEX55"
"1257","AEX59E1","EXB0041",0.86,45,39,"AEX59"
"1258","AEX61E1","EXB0041",18,45,810,"AEX61"
"1259","AEX63E1","EXB0041",31.6,45,1422,"AEX63"
"1260","AEX72E1","EXB0041",1.96,45,88,"AEX72"
"1261","AEX73E1","EXB0041",11.8,45,531,"AEX73"
"1262","AEX74E1","EXB0041",15.3,45,689,"AEX74"
"1263","AEX78E1","EXB0041",0.14,45,6,"AEX78"
"1264","AEX89E1","EXB0041",10.3,45,464,"AEX89"
"1265","AEX91E1","EXB0041",15.9,45,716,"AEX91"
"1266","AEX92E1","EXB0041",12,45,540,"AEX92"
"1267","AEX95E1","EXB0041",13.5,45,608,"AEX95"
"1268","AEX97E1","EXB0041",26.2,45,1179,"AEX97"
"1269","AEY21E1","EXB0041",9.34,45,420,"AEY21"
"1270","AEY22E1","EXB0041",3.38,45,152,"AEY22"
"1271","AEY25E1","EXB0041",14.2,45,639,"AEY25"
"1272","AEY26E1","EXB0041",0.06,45,3,"AEY26"
"1273","AEY27E1","EXB0041",2.14,45,96,"AEY27"
"1274","AEY28E1","EXB0041",0.11,45,5,"AEY28"
"1275","AEY29E1","EXB0041",0.09,45,4,"AEY29"
"1276","AFK61E1","EXB0041",0.34,45,15,"AFK61"
"1277","AFK63E1","EXB0041",1.6,45,72,"AFK63"
"1278","AFK65E1","EXB0041",41.8,45,1881,"AFK65"
"1279","AFK88E1","EXB0041",35.4,45,1593,"AFK88"
"1280","AFK90E1","EXB0041",21.9,45,985,"AFK90"
"1281","AFK92E1","EXB0041",5.97,45,269,"AFK92"
"1282","AFL04E1","EXB0041",14.7,45,662,"AFL04"
"1283","AFL05E1","EXB0041",16.5,45,743,"AFL05"
"1284","AFL06E1","EXB0041",0.34,45,15,"AFL06"
"1285","AFL08E1","EXB0041",14.2,45,639,"AFL08"
"1286","AFL15E1","EXB0041",30.4,45,1368,"AFL15"
"1287","AFL24E1","EXB0041",19.9,45,895,"AFL24"
"1288","AFM23E1","EXB0041",19.7,45,887,"AFM23"
"1289","AFM25E1","EXB0041",0.25,45,11,"AFM25"
"1290","AFM27E1","EXB0041",0.5,45,22,"AFM27"
"1291","AFM33E1","EXB0041",8.37,45,377,"AFM33"
"1292","AFM35E1","EXB0041",11.7,45,527,"AFM35"
"1293","AFM37E1","EXB0041",7.66,45,345,"AFM37"
"1294","AFM39E1","EXB0041",1.82,45,82,"AFM39"
"1295","AFM47E1","EXB0041",8.64,45,389,"AFM47"
"1296","AFM55E1","EXB0041",21,45,945,"AFM55"
"1297","AFM58E1","EXB0041",20.7,45,932,"AFM58"
"1298","AFM60E1","EXB0041",15.2,45,684,"AFM60"
"1299","AFM63E1","EXB0041",0.09,45,4,"AFM63"
"1300","AFM65E1","EXB0041",9.02,45,406,"AFM65"
"1301","AFM69E1","EXB0041",2.76,45,124,"AFM69"
"1302","AFM71E1","EXB0041",0,45,0,"AFM71"
"1303","AFM73E1","EXB0041",1.36,45,61,"AFM73"
"1304","AFM75E1","EXB0041",3.49,45,157,"AFM75"
"1305","AFM77E1","EXB0041",26.3,45,1184,"AFM77"
"1306","AFM81E1","EXB0041",16.2,45,729,"AFM81"
"1307","AFM85E1","EXB0041",8.28,45,373,"AFM85"
"1308","AFM87E1","EXB0041",10.7,45,481,"AFM87"
"1309","AFM89E1","EXB0041",3.43,45,154,"AFM89"
"1310","AFM95E1","EXB0041",17.9,45,805,"AFM95"
"1311","AFM98E1","EXB0041",12,45,540,"AFM98"
"1312","C1_EXB0041E1","EXB0041",0,45,0,"C1_EXB0041"
"1313","ACC84E1","EXB0043",0.08,45,3,"ACC84"
"1314","ACC89E1","EXB0043",0.05,45,2,"ACC89"
"1315","ACC93E1","EXB0043",0.08,45,4,"ACC93"
"1316","ACD04E1","EXB0043",0.06,45,3,"ACD04"
"1317","ACD11E1","EXB0043",0.04,45,2,"ACD11"
"1318","ACD13E1","EXB0043",0.03,45,1,"ACD13"
"1319","ACD21E1","EXB0043",0.07,45,3,"ACD21"
"1320","ACD27E1","EXB0043",0.05,45,2,"ACD27"
"1321","ACD28E1","EXB0043",0.03,45,1,"ACD28"
"1322","ACD29E1","EXB0043",0.06,45,3,"ACD29"
"1323","ACD32E1","EXB0043",0.11,45,5,"ACD32"
"1324","ACD33E1","EXB0043",0.16,45,7,"ACD33"
"1325","ACD34E1","EXB0043",0.1,45,5,"ACD34"
"1326","ACD37E1","EXB0043",0.3,45,14,"ACD37"
"1327","ACD40E1","EXB0043",0.05,45,2,"ACD40"
"1328","ACD41E1","EXB0043",0.04,45,2,"ACD41"
"1329","ACD44E1","EXB0043",0.03,45,1,"ACD44"
"1330","ACD47E1","EXB0043",0.04,45,2,"ACD47"
"1331","ACD49E1","EXB0043",0.05,45,2,"ACD49"
"1332","ACD50E1","EXB0043",0.13,45,6,"ACD50"
"1333","E1","EXB0043",0.03,45,1,""
"1334","ACD53E1","EXB0043",0.03,45,1,"ACD53"
"1335","ACD55E1","EXB0043",0.03,45,1,"ACD55"
"1336","ACD58E1","EXB0043",0.03,45,1,"ACD58"
"1337","ACD60E1","EXB0043",0.06,45,3,"ACD60"
"1338","ACD61E1","EXB0043",0.13,45,6,"ACD61"
"1339","ACD62E1","EXB0043",0.01,45,0,"ACD62"
"1340","ACD66E1","EXB0043",0.07,45,3,"ACD66"
"1341","ACD68E1","EXB0043",0.03,45,1,"ACD68"
"1342","ACD74E1","EXB0043",0.28,45,13,"ACD74"
"1343","ACD75E1","EXB0043",0.05,45,2,"ACD75"
"1344","ACD76E1","EXB0043",0.05,45,2,"ACD76"
"1345","ACD77E1","EXB0043",0.01,45,0,"ACD77"
"1346","ACD78E1","EXB0043",0.05,45,2,"ACD78"
"1347","ACD86E1","EXB0043",0.03,45,1,"ACD86"
"1348","ACD87E1","EXB0043",0.02,45,1,"ACD87"
"1349","ACD89E1","EXB0043",0.03,45,1,"ACD89"
"1350","ACD94E1","EXB0043",0.1,45,5,"ACD94"
"1351","ACD95E1","EXB0043",0.02,45,1,"ACD95"
"1352","ACD97E1","EXB0043",0.07,45,3,"ACD97"
"1353","ACD99E1","EXB0043",0.13,45,6,"ACD99"
"1354","ACE02E1","EXB0043",0.21,45,9,"ACE02"
"1355","ACE03E1","EXB0043",0.04,45,2,"ACE03"
"1356","ACE06E1","EXB0043",0.03,45,1,"ACE06"
"1357","ACE07E1","EXB0043",0.11,45,5,"ACE07"
"1358","ACE10E1","EXB0043",0.02,45,1,"ACE10"
"1359","ACE12E1","EXB0043",0.04,45,2,"ACE12"
"1360","ACE14E1","EXB0043",0.04,45,2,"ACE14"
"1361","ACE15E1","EXB0043",0.21,45,9,"ACE15"
"1362","ACE17E1","EXB0043",0.1,45,4,"ACE17"
"1363","ACE18E1","EXB0043",0.15,45,7,"ACE18"
"1364","ACE20E1","EXB0043",0.05,45,2,"ACE20"
"1365","ACE29E1","EXB0043",0.04,45,2,"ACE29"
"1366","ACE31E1","EXB0043",0.03,45,1,"ACE31"
"1367","ACE32E1","EXB0043",0.08,45,4,"ACE32"
"1368","ACE35E1","EXB0043",9.35,45,421,"ACE35"
"1369","ACE37E1","EXB0043",0.02,45,1,"ACE37"
"1370","ACE38E1","EXB0043",1.66,45,75,"ACE38"
"1371","ACE40E1","EXB0043",0.06,45,3,"ACE40"
"1372","ACE45E1","EXB0043",0.03,45,2,"ACE45"
"1373","ABD45E1","EXB0043",29.6,45,1332,"ABD45"
"1374","ABD98E1","EXB0043",12.8,45,576,"ABD98"
"1375","ABD99E1","EXB0043",29.2,45,1314,"ABD99"
"1376","ABE20E1","EXB0043",4.28,45,193,"ABE20"
"1377","ADC09E1","EXB0043",2.28,45,103,"ADC09"
"1378","ADC11E1","EXB0043",0.31,45,14,"ADC11"
"1379","ADC13E1","EXB0043",2.81,45,126,"ADC13"
"1380","ADC15E1","EXB0043",3.55,45,160,"ADC15"
"1381","ADC17E1","EXB0043",3.44,45,155,"ADC17"
"1382","ADG35E1","EXB0043",9.79,45,441,"ADG35"
"1383","ADG65E1","EXB0043",0.1,45,4,"ADG65"
"1384","ADJ76E1","EXB0043",0.87,45,39,"ADJ76"
"1385","ADJ86E1","EXB0043",6.15,45,277,"ADJ86"
"1386","C1_EXB0043E1","EXB0043",0.01,45,0,"C1_EXB0043"
"1387","AGG08E1","EXB0042",91.9,45,4136,"AGG08"
"1388","AGG13E1","EXB0042",132,45,5940,"AGG13"
"1389","AGG14E1","EXB0042",101,45,4545,"AGG14"
"1390","AGG19E1","EXB0042",85.5,45,3848,"AGG19"
"1391","AGG20E1","EXB0042",64.8,45,2916,"AGG20"
"1392","C1_EXB0042E1","EXB0042",0,45,0,"C1_EXB0042"
"1393","AGG07E1","EXB0044",72.2,45,3249,"AGG07"
"1394","AGG09E1","EXB0044",60.4,45,2718,"AGG09"
"1395","AGG10E1","EXB0044",117,45,5265,"AGG10"
"1396","AGG11E1","EXB0044",84.9,45,3821,"AGG11"
"1397","AGG12E1","EXB0044",55,45,2475,"AGG12"
"1398","AGG15E1","EXB0044",88.4,45,3978,"AGG15"
"1399","AGG16E1","EXB0044",58.1,45,2615,"AGG16"
"1400","AGG17E1","EXB0044",68.4,45,3078,"AGG17"
"1401","AGG18E1","EXB0044",0.3,45,13,"AGG18"
"1402","AGG21E1","EXB0044",31.8,45,1431,"AGG21"
"1403","C1_EXB0044E1","EXB0044",0,45,0,"C1_EXB0044"
"1404","AAX80E1","EXB0045",0.73,45,33,"AAX80"
"1405","AAY16E1","EXB0045",0.62,45,28,"AAY16"
"1406","AAX74E1","EXB0045",0.19,45,9,"AAX74"
"1407","AAX77E1","EXB0045",0.87,45,39,"AAX77"
"1408","AAX78E1","EXB0045",1.08,45,49,"AAX78"
"1409","AAX82E1","EXB0045",1.28,45,58,"AAX82"
"1410","AAX84E1","EXB0045",0.08,45,3,"AAX84"
"1411","AAY18E1","EXB0045",0.96,45,43,"AAY18"
"1412","AAY25E1","EXB0045",0.06,45,3,"AAY25"
"1413","AAY36E1","EXB0045",0,45,0,"AAY36"
"1414","AAY38E1","EXB0045",0.51,45,23,"AAY38"
"1415","OPAU16E1","EXB0045",0.46,45,21,"OPAU16"
"1416","C1_EXB0045E1","EXB0045",0,45,0,"C1_EXB0045"
"1417","ACX49E2","EXB0046",0,45,0,"ACX49"
"1418","AFP01E2","EXB0046",0,45,0,"AFP01"
"1419","AFP03E2","EXB0046",0.05,45,2,"AFP03"
"1420","AFP05E2","EXB0046",0,45,0,"AFP05"
"1421","AFP29E2","EXB0046",0,45,0,"AFP29"
"1422","AFP49E2","EXB0046",0.1,45,4,"AFP49"
"1423","AFP55E2","EXB0046",0.13,45,6,"AFP55"
"1424","AFQ35E2","EXB0046",0.81,45,36,"AFQ35"
"1425","AFQ47E2","EXB0046",0,45,0,"AFQ47"
"1426","AFP41E2","EXB0046",0.13,45,6,"AFP41"
"1427","AFQ89E2","EXB0046",0.76,45,34,"AFQ89"
"1428","AFQ79E2","EXB0046",33,45,1485,"AFQ79"
"1429","AFQ83E2","EXB0046",0,45,0,"AFQ83"
"1430","ACY27E2","EXB0046",0.13,45,6,"ACY27"
"1431","AFQ45E2","EXB0046",2.37,45,107,"AFQ45"
"1432","AFP53E2","EXB0046",0.29,45,13,"AFP53"
"1433","ACX69E2","EXB0046",0.53,45,24,"ACX69"
"1434","ACX53E2","EXB0046",1.54,45,69,"ACX53"
"1435","AFQ93E2","EXB0046",1.04,45,47,"AFQ93"
"1436","AFO95E2","EXB0046",0.63,45,28,"AFO95"
"1437","AFP75E2","EXB0046",6,45,270,"AFP75"
"1438","AFQ65E2","EXB0046",1.01,45,45,"AFQ65"
"1439","AFQ71E2","EXB0046",11,45,495,"AFQ71"
"1440","AFQ67E2","EXB0046",3.48,45,157,"AFQ67"
"1441","AFP39E2","EXB0046",1.14,45,51,"AFP39"
"1442","AFQ81E2","EXB0046",1.95,45,88,"AFQ81"
"1443","AFO81E2","EXB0046",5.03,45,226,"AFO81"
"1444","AFP47E2","EXB0046",2.33,45,105,"AFP47"
"1445","AFO79E2","EXB0046",4.02,45,181,"AFO79"
"1446","ACX37E2","EXB0046",3.15,45,142,"ACX37"
"1447","AFP71E2","EXB0046",2.03,45,91,"AFP71"
"1448","AFP37E2","EXB0046",4.76,45,214,"AFP37"
"1449","AFP91E2","EXB0046",6.36,45,286,"AFP91"
"1450","AFO89E2","EXB0046",1.73,45,78,"AFO89"
"1451","AFU64E1","EXB0046",0.89,45,40,"AFU64"
"1452","AFU63E1","EXB0046",7.03,45,316,"AFU63"
"1453","AFU67E1","EXB0046",20.4,45,918,"AFU67"
"1454","AFU65E1","EXB0046",4.26,45,192,"AFU65"
"1455","AFU61E1","EXB0046",23.6,45,1062,"AFU61"
"1456","AFU68E1","EXB0046",20.6,45,927,"AFU68"
"1457","AFU69E1","EXB0046",11.6,45,522,"AFU69"
"1458","AFU66E1","EXB0046",8.75,45,394,"AFU66"
"1459","AFU70E1","EXB0046",3.24,45,146,"AFU70"
"1460","AFU76E1","EXB0046",7.65,45,344,"AFU76"
"1461","AFU72E1","EXB0046",11.9,45,536,"AFU72"
"1462","AFU85E1","EXB0046",0.63,45,28,"AFU85"
"1463","AFU79E1","EXB0046",10.3,45,464,"AFU79"
"1464","C1_EXB0046E1","EXB0046",0,45,0,"C1_EXB0046"
"1465","AA01E1","EXB0047",117,45,5265,"AA01"
"1466","AA96E1","EXB0047",158,45,7110,"AA96"
"1467","AB04E1","EXB0047",0.5,45,23,"AB04"
"1468","ABS11E1","EXB0047",11,45,495,"ABS11"
"1469","ABS19E1","EXB0047",9.17,45,413,"ABS19"
"1470","ABS39E1","EXB0047",8.2,45,369,"ABS39"
"1471","ABW29E1","EXB0047",5.89,45,265,"ABW29"
"1472","ABW33E1","EXB0047",3.15,45,142,"ABW33"
"1473","ABW35E1","EXB0047",3.58,45,161,"ABW35"
"1474","ABW38E1","EXB0047",4.05,45,182,"ABW38"
"1475","ABW40E1","EXB0047",3.98,45,179,"ABW40"
"1476","ABW45E1","EXB0047",6.95,45,313,"ABW45"
"1477","ABZ25E1","EXB0047",69,45,3105,"ABZ25"
"1478","ABZ28E1","EXB0047",70.8,45,3186,"ABZ28"
"1479","ABZ31E1","EXB0047",85,45,3825,"ABZ31"
"1480","ABZ35E1","EXB0047",16.5,45,743,"ABZ35"
"1481","ABZ38E1","EXB0047",79.9,45,3596,"ABZ38"
"1482","ADD84E1","EXB0047",39.6,45,1782,"ADD84"
"1483","ADD92E1","EXB0047",49.1,45,2210,"ADD92"
"1484","ADD96E1","EXB0047",52.4,45,2358,"ADD96"
"1485","ADE04E1","EXB0047",21.7,45,977,"ADE04"
"1486","ADE14E1","EXB0047",30.2,45,1359,"ADE14"
"1487","ADU74E1","EXB0047",35.1,45,1580,"ADU74"
"1488","C1_EXB0047E1","EXB0047",0,45,0,"C1_EXB0047"
"1489","AA05E1","EXB0048",2.23,45,100,"AA05"
"1490","AA16E1","EXB0048",7.9,45,356,"AA16"
"1491","AA75E1","EXB0048",0.09,45,4,"AA75"
"1492","AA84E1","EXB0048",0.3,45,14,"AA84"
"1493","AA87E1","EXB0048",9.64,45,434,"AA87"
"1494","AA90E1","EXB0048",6.32,45,284,"AA90"
"1495","AA91E1","EXB0048",5.53,45,249,"AA91"
"1496","AAL46E1","EXB0048",0.34,45,15,"AAL46"
"1497","AAL55E1","EXB0048",0.49,45,22,"AAL55"
"1498","AAM01E1","EXB0048",1.4,45,63,"AAM01"
"1499","AAM32E1","EXB0048",0.77,45,35,"AAM32"
"1500","AAM45E1","EXB0048",0.93,45,42,"AAM45"
"1501","AAM50E1","EXB0048",0.57,45,26,"AAM50"
"1502","AAN05E1","EXB0048",2.87,45,129,"AAN05"
"1503","AB01E1","EXB0048",1.18,45,53,"AB01"
"1504","AB07E1","EXB0048",4.36,45,196,"AB07"
"1505","AB10E1","EXB0048",7.99,45,360,"AB10"
"1506","AB12E1","EXB0048",1.07,45,48,"AB12"
"1507","ABF92E1","EXB0048",2.3,45,103,"ABF92"
"1508","ABG01E1","EXB0048",0.4,45,18,"ABG01"
"1509","ABG19E1","EXB0048",3.41,45,153,"ABG19"
"1510","ABG29E1","EXB0048",1.92,45,86,"ABG29"
"1511","ABG46E1","EXB0048",0.25,45,11,"ABG46"
"1512","ABG47E1","EXB0048",0.99,45,44,"ABG47"
"1513","ABG66E1","EXB0048",9.26,45,417,"ABG66"
"1514","ABN46E1","EXB0048",0.84,45,38,"ABN46"
"1515","ABN91E1","EXB0048",9.08,45,409,"ABN91"
"1516","ABO02E1","EXB0048",16.8,45,756,"ABO02"
"1517","ABO04E1","EXB0048",4.15,45,187,"ABO04"
"1518","ABO06E1","EXB0048",8.19,45,369,"ABO06"
"1519","ABO35E1","EXB0048",8.56,45,385,"ABO35"
"1520","ABO44E1","EXB0048",6.48,45,292,"ABO44"
"1521","ABO53E1","EXB0048",23.7,45,1067,"ABO53"
"1522","ABP10E1","EXB0048",25.5,45,1148,"ABP10"
"1523","ABP28E1","EXB0048",8.38,45,377,"ABP28"
"1524","ABP46E1","EXB0048",3.22,45,145,"ABP46"
"1525","ABP93E1","EXB0048",4.71,45,212,"ABP93"
"1526","ABQ03E1","EXB0048",4.08,45,184,"ABQ03"
"1527","ABQ13E1","EXB0048",1.48,45,67,"ABQ13"
"1528","ABQ22E1","EXB0048",4.71,45,212,"ABQ22"
"1529","ABQ25E1","EXB0048",9.73,45,438,"ABQ25"
"1530","ABQ29E1","EXB0048",3.45,45,155,"ABQ29"
"1531","ABS91E1","EXB0048",0.82,45,37,"ABS91"
"1532","ABS93E1","EXB0048",0.38,45,17,"ABS93"
"1533","ABS95E1","EXB0048",1.07,45,48,"ABS95"
"1534","C1_EXB0048E1","EXB0048",0,45,0,"C1_EXB0048"
"1535","AAQ42E1","EXB0049",5.59,45,252,"AAQ42"
"1536","AAQ43E1","EXB0049",6.38,45,287,"AAQ43"
"1537","AAQ45E1","EXB0049",7.08,45,319,"AAQ45"
"1538","AAQ47E1","EXB0049",4.2,45,189,"AAQ47"
"1539","AAQ51E1","EXB0049",4.9,45,221,"AAQ51"
"1540","ABS01E1","EXB0049",7.47,45,336,"ABS01"
"1541","ABS25E1","EXB0049",12.5,45,563,"ABS25"
"1542","ABS27E1","EXB0049",15.4,45,693,"ABS27"
"1543","ABS31E1","EXB0049",4.42,45,199,"ABS31"
"1544","ABS41E1","EXB0049",13,45,585,"ABS41"
"1545","ABZ42E1","EXB0049",75.5,45,3398,"ABZ42"
"1546","ABZ51E1","EXB0049",44.3,45,1993,"ABZ51"
"1547","ADD86E1","EXB0049",39.3,45,1768,"ADD86"
"1548","ADD89E1","EXB0049",22.9,45,1031,"ADD89"
"1549","ADE09E1","EXB0049",24.3,45,1094,"ADE09"
"1550","ADW16E1","EXB0049",62.3,45,2804,"ADW16"
"1551","C1_EXB0049E1","EXB0049",0,45,0,"C1_EXB0049"
"1552","AAQ46E1","EXB0050",0.33,45,15,"AAQ46"
"1553","AAQ48E1","EXB0050",0.13,45,6,"AAQ48"
"1554","AAQ52E1","EXB0050",0.16,45,7,"AAQ52"
"1555","ABP75E1","EXB0050",1.33,45,60,"ABP75"
"1556","ABQ10E1","EXB0050",2.61,45,117,"ABQ10"
"1557","ABQ28E1","EXB0050",7.41,45,333,"ABQ28"
"1558","ABQ53E1","EXB0050",1.24,45,56,"ABQ53"
"1559","ABQ58E1","EXB0050",0.36,45,16,"ABQ58"
"1560","ABQ67E1","EXB0050",11.4,45,513,"ABQ67"
"1561","ABQ79E1","EXB0050",0.24,45,11,"ABQ79"
"1562","ABQ86E1","EXB0050",2.36,45,106,"ABQ86"
"1563","ABS04E1","EXB0050",1.76,45,79,"ABS04"
"1564","ABS06E1","EXB0050",1.25,45,56,"ABS06"
"1565","ABS08E1","EXB0050",1.56,45,70,"ABS08"
"1566","ABS10E1","EXB0050",2.26,45,102,"ABS10"
"1567","ABW31E1","EXB0050",6.11,45,275,"ABW31"
"1568","ABZ27E1","EXB0050",18.6,45,837,"ABZ27"
"1569","ABZ30E1","EXB0050",22,45,990,"ABZ30"
"1570","ABZ41E1","EXB0050",6.16,45,277,"ABZ41"
"1571","ABZ49E1","EXB0050",17.6,45,792,"ABZ49"
"1572","ACB33E1","EXB0050",4.08,45,184,"ACB33"
"1573","ACB34E1","EXB0050",0.43,45,20,"ACB34"
"1574","ACB35E1","EXB0050",0.66,45,30,"ACB35"
"1575","ACB47E1","EXB0050",2.47,45,111,"ACB47"
"1576","ACC85E1","EXB0050",0,45,0,"ACC85"
"1577","ACC96E1","EXB0050",0.06,45,3,"ACC96"
"1578","ACD01E1","EXB0050",0,45,0,"ACD01"
"1579","ACD09E1","EXB0050",0,45,0,"ACD09"
"1580","ACD14E1","EXB0050",0,45,0,"ACD14"
"1581","ACD22E1","EXB0050",0,45,0,"ACD22"
"1582","ACD69E1","EXB0050",0,45,0,"ACD69"
"1583","ACD71E1","EXB0050",0,45,0,"ACD71"
"1584","ACD82E1","EXB0050",0.07,45,3,"ACD82"
"1585","ACD96E1","EXB0050",0,45,0,"ACD96"
"1586","ACE19E1","EXB0050",0,45,0,"ACE19"
"1587","ACE25E1","EXB0050",0,45,0,"ACE25"
"1588","ACE36E1","EXB0050",0.08,45,3,"ACE36"
"1589","ACE39E1","EXB0050",0,45,0,"ACE39"
"1590","ACZ93E1","EXB0050",1.93,45,87,"ACZ93"
"1591","ACZ95E1","EXB0050",0.96,45,43,"ACZ95"
"1592","ACZ97E1","EXB0050",1.36,45,61,"ACZ97"
"1593","ACZ99E1","EXB0050",2.35,45,106,"ACZ99"
"1594","ADA12E1","EXB0050",2.86,45,129,"ADA12"
"1595","ADA14E1","EXB0050",1.78,45,80,"ADA14"
"1596","ADA16E1","EXB0050",1.95,45,88,"ADA16"
"1597","ADA18E1","EXB0050",0.91,45,41,"ADA18"
"1598","C1_EXB0050E1","EXB0050",0,45,0,"C1_EXB0050"
"1599","ACR75E1","EXB0051",44.5,45,2003,"ACR75"
"1600","ACR94E1","EXB0051",8.39,45,378,"ACR94"
"1601","ACR98E1","EXB0051",29.1,45,1310,"ACR98"
"1602","ACS06E1","EXB0051",19.5,45,878,"ACS06"
"1603","ACS08E1","EXB0051",22.9,45,1031,"ACS08"
"1604","ACS09E1","EXB0051",4.51,45,203,"ACS09"
"1605","ACS15E1","EXB0051",9.52,45,428,"ACS15"
"1606","ACS16E1","EXB0051",37.2,45,1674,"ACS16"
"1607","ACS22E1","EXB0051",12.2,45,549,"ACS22"
"1608","ACS24E1","EXB0051",11.5,45,518,"ACS24"
"1609","ACS26E1","EXB0051",17.5,45,788,"ACS26"
"1610","ACS33E1","EXB0051",18.9,45,850,"ACS33"
"1611","ACS42E1","EXB0051",20.6,45,927,"ACS42"
"1612","ACS52E1","EXB0051",44.3,45,1993,"ACS52"
"1613","AEA43E1","EXB0051",6.01,45,270,"AEA43"
"1614","AEA48E1","EXB0051",25.1,45,1130,"AEA48"
"1615","AEA58E1","EXB0051",23.2,45,1044,"AEA58"
"1616","AEA63E1","EXB0051",1.48,45,67,"AEA63"
"1617","AEA73E1","EXB0051",1.86,45,84,"AEA73"
"1618","AEA75E1","EXB0051",7.59,45,342,"AEA75"
"1619","AEA82E1","EXB0051",1.27,45,57,"AEA82"
"1620","AEA85E1","EXB0051",2.12,45,95,"AEA85"
"1621","AEA94E1","EXB0051",8.5,45,383,"AEA94"
"1622","AEB01E1","EXB0051",0.83,45,37,"AEB01"
"1623","AEB12E1","EXB0051",1.39,45,63,"AEB12"
"1624","AEB37E1","EXB0051",19.5,45,878,"AEB37"
"1625","AEC25E1","EXB0051",2.48,45,112,"AEC25"
"1626","AEC29E1","EXB0051",11.5,45,518,"AEC29"
"1627","AEC30E1","EXB0051",0.5,45,23,"AEC30"
"1628","AEC35E1","EXB0051",4.6,45,207,"AEC35"
"1629","AEC37E1","EXB0051",4.79,45,216,"AEC37"
"1630","AEC56E1","EXB0051",1.63,45,73,"AEC56"
"1631","AEC57E1","EXB0051",6.32,45,284,"AEC57"
"1632","AED03E1","EXB0051",2.55,45,115,"AED03"
"1633","AED12E1","EXB0051",0.18,45,8,"AED12"
"1634","AED21E1","EXB0051",4.49,45,202,"AED21"
"1635","AED56E1","EXB0051",31.7,45,1427,"AED56"
"1636","AED57E1","EXB0051",7.25,45,326,"AED57"
"1637","AED65E1","EXB0051",10.4,45,468,"AED65"
"1638","AED66E1","EXB0051",11.8,45,531,"AED66"
"1639","AHQ46E1","EXB0051",10.8,45,486,"AHQ46"
"1640","AHQ47E1","EXB0051",8.36,45,376,"AHQ47"
"1641","AHQ48E1","EXB0051",7.54,45,339,"AHQ48"
"1642","AHQ49E1","EXB0051",8.56,45,385,"AHQ49"
"1643","AHQ50E1","EXB0051",22.9,45,1031,"AHQ50"
"1644","AHQ52E1","EXB0051",5.31,45,239,"AHQ52"
"1645","AHQ53E1","EXB0051",11.6,45,522,"AHQ53"
"1646","AHQ54E1","EXB0051",2.75,45,124,"AHQ54"
"1647","AHQ55E1","EXB0051",21.6,45,972,"AHQ55"
"1648","AHQ56E1","EXB0051",12.4,45,558,"AHQ56"
"1649","C1_EXB0051E1","EXB0051",0.01,45,0,"C1_EXB0051"
"1650","AHI25E1","EXB0052",0,45,0,"AHI25"
"1651","AHI26E1","EXB0052",0,45,0,"AHI26"
"1652","AHI34E1","EXB0052",0,45,0,"AHI34"
"1653","AHI35E1","EXB0052",0,45,0,"AHI35"
"1654","AHI42E1","EXB0052",0,45,0,"AHI42"
"1655","AHI43E1","EXB0052",0,45,0,"AHI43"
"1656","AHI44E1","EXB0052",0,45,0,"AHI44"
"1657","AHI51E1","EXB0052",0,45,0,"AHI51"
"1658","AHI52E1","EXB0052",0,45,0,"AHI52"
"1659","AHI53E1","EXB0052",0.06,45,2,"AHI53"
"1660","AHI60E1","EXB0052",0,45,0,"AHI60"
"1661","AHI61E1","EXB0052",0,45,0,"AHI61"
"1662","AHI62E1","EXB0052",0.08,45,3,"AHI62"
"1663","AHI69E1","EXB0052",0,45,0,"AHI69"
"1664","AHI70E1","EXB0052",4.03,45,181,"AHI70"
"1665","AHI71E1","EXB0052",0,45,0,"AHI71"
"1666","AHI78E1","EXB0052",0,45,0,"AHI78"
"1667","AHI79E1","EXB0052",7.25,45,326,"AHI79"
"1668","AHI80E1","EXB0052",0,45,0,"AHI80"
"1669","AHI87E1","EXB0052",0,45,0,"AHI87"
"1670","AHI88E1","EXB0052",0,45,0,"AHI88"
"1671","AHI89E1","EXB0052",0,45,0,"AHI89"
"1672","AHI96E1","EXB0052",0,45,0,"AHI96"
"1673","AHI97E1","EXB0052",0,45,0,"AHI97"
"1674","AHI98E1","EXB0052",0.09,45,4,"AHI98"
"1675","C1_EXB0052E1","EXB0052",0,45,0,"C1_EXB0052"
"1676","AAN46E1","EXB0053",26.2,45,1179,"AAN46"
"1677","AAN71E1","EXB0053",12.2,45,549,"AAN71"
"1678","ACJ79E1","EXB0053",0.99,45,45,"ACJ79"
"1679","ACJ82E1","EXB0053",0.37,45,17,"ACJ82"
"1680","ACJ91E1","EXB0053",6.74,45,303,"ACJ91"
"1681","ACJ97E1","EXB0053",0.72,45,33,"ACJ97"
"1682","ACK69E1","EXB0053",1.4,45,63,"ACK69"
"1683","ACK71E1","EXB0053",0.14,45,6,"ACK71"
"1684","ACK74E1","EXB0053",1.33,45,60,"ACK74"
"1685","ACK78E1","EXB0053",2.47,45,111,"ACK78"
"1686","ACK80E1","EXB0053",0.43,45,20,"ACK80"
"1687","ACK82E1","EXB0053",2.04,45,92,"ACK82"
"1688","ACK84E1","EXB0053",1.95,45,88,"ACK84"
"1689","ACK86E1","EXB0053",0.98,45,44,"ACK86"
"1690","ACK88E1","EXB0053",0.14,45,6,"ACK88"
"1691","ACK90E1","EXB0053",0.64,45,29,"ACK90"
"1692","ADD79E1","EXB0053",1.08,45,49,"ADD79"
"1693","AFN05E1","EXB0053",0.28,45,13,"AFN05"
"1694","AFN17E1","EXB0053",0.21,45,9,"AFN17"
"1695","AFN19E1","EXB0053",0.87,45,39,"AFN19"
"1696","AFN30E1","EXB0053",0.67,45,30,"AFN30"
"1697","AFN39E1","EXB0053",0.25,45,11,"AFN39"
"1698","AFT42E1","EXB0053",0.13,45,6,"AFT42"
"1699","AFT46E1","EXB0053",0.64,45,29,"AFT46"
"1700","AFT49E1","EXB0053",0.46,45,21,"AFT49"
"1701","AFT55E1","EXB0053",1.06,45,48,"AFT55"
"1702","AFT57E1","EXB0053",0.66,45,30,"AFT57"
"1703","AGJ21E1","EXB0053",2.55,45,115,"AGJ21"
"1704","AGJ27E1","EXB0053",0.59,45,27,"AGJ27"
"1705","AGJ38E1","EXB0053",1.35,45,61,"AGJ38"
"1706","AGJ41E1","EXB0053",1.41,45,63,"AGJ41"
"1707","C1_EXB0053E1","EXB0053",0.05,45,2,"C1_EXB0053"
"1708","AIF75E1","EXB0054",0.07,45,3,"AIF75"
"1709","AIF77E1","EXB0054",3.51,45,158,"AIF77"
"1710","AIF79E1","EXB0054",10.9,45,491,"AIF79"
"1711","AIF81E1","EXB0054",4.93,45,222,"AIF81"
"1712","AIF86E1","EXB0054",0.29,45,13,"AIF86"
"1713","AIF88E1","EXB0054",16,45,720,"AIF88"
"1714","AIF90E1","EXB0054",4.94,45,222,"AIF90"
"1715","AIF92E1","EXB0054",7.58,45,341,"AIF92"
"1716","AIF97E1","EXB0054",3.19,45,144,"AIF97"
"1717","AIF99E1","EXB0054",3.66,45,165,"AIF99"
"1718","AIG02E1","EXB0054",6.28,45,283,"AIG02"
"1719","AIG04E1","EXB0054",12.9,45,581,"AIG04"
"1720","AIG75E1","EXB0054",6.3,45,284,"AIG75"
"1721","AIG77E1","EXB0054",7.6,45,342,"AIG77"
"1722","AIG79E1","EXB0054",6.01,45,270,"AIG79"
"1723","AIG81E1","EXB0054",17,45,765,"AIG81"
"1724","C1_EXB0054E1","EXB0054",0,45,0,"C1_EXB0054"
"1725","AIF99E2","EXB0055",74,45,3330,"AIF99"
"1726","AIF75E2","EXB0055",5.26,45,237,"AIF75"
"1727","AIF81E2","EXB0055",32.3,45,1453,"AIF81"
"1728","C1_EXB0055E1","EXB0055",0,45,0,"C1_EXB0055"
"1729","AIF90E2","EXB0055",97,45,4365,"AIF90"
"1730","AIF86E2","EXB0055",6.92,45,311,"AIF86"
"1731","AIG02E2","EXB0055",73,45,3285,"AIG02"
"1732","AIG04E2","EXB0055",18.9,45,850,"AIG04"
"1733","AIF88E2","EXB0055",81,45,3645,"AIF88"
"1734","AIG79E2","EXB0055",100,45,4500,"AIG79"
"1735","AIF79E2","EXB0055",88,45,3960,"AIF79"
"1736","AIF77E2","EXB0055",92,45,4140,"AIF77"
"1737","AIG77E2","EXB0055",74,45,3330,"AIG77"
"1738","AIG81E2","EXB0055",51,45,2295,"AIG81"
"1739","AIF92E2","EXB0055",0,45,0,"AIF92"
"1740","AIF97E2","EXB0055",27.8,45,1251,"AIF97"
"1741","AIG75E2","EXB0055",33.4,45,1503,"AIG75"
"1742","AIF53E1","EXB0056",8.97,45,404,"AIF53"
"1743","AIF55E1","EXB0056",17,45,765,"AIF55"
"1744","AIF57E1","EXB0056",13,45,585,"AIF57"
"1745","AIF59E1","EXB0056",5.61,45,252,"AIF59"
"1746","AIF64E1","EXB0056",0.76,45,34,"AIF64"
"1747","AIF66E1","EXB0056",12.8,45,576,"AIF66"
"1748","AIF68E1","EXB0056",12.8,45,576,"AIF68"
"1749","AIF70E1","EXB0056",2.61,45,117,"AIF70"
"1750","AIG09E1","EXB0056",5.87,45,264,"AIG09"
"1751","AIG11E1","EXB0056",13.9,45,626,"AIG11"
"1752","AIG13E1","EXB0056",11.2,45,504,"AIG13"
"1753","AIG15E1","EXB0056",15.8,45,711,"AIG15"
"1754","AIH20E1","EXB0056",0.56,45,25,"AIH20"
"1755","AIH22E1","EXB0056",13.2,45,594,"AIH22"
"1756","AIH24E1","EXB0056",7.09,45,319,"AIH24"
"1757","AIH26E1","EXB0056",15.1,45,680,"AIH26"
"1758","AIH42E1","EXB0056",0.8,45,36,"AIH42"
"1759","AIH44E1","EXB0056",8.44,45,380,"AIH44"
"1760","AIH46E1","EXB0056",11.7,45,527,"AIH46"
"1761","AIH48E1","EXB0056",11.2,45,504,"AIH48"
"1762","AIH53E1","EXB0056",1.44,45,65,"AIH53"
"1763","AIH55E1","EXB0056",9.92,45,446,"AIH55"
"1764","AIH57E1","EXB0056",4.79,45,216,"AIH57"
"1765","AIH59E1","EXB0056",17.5,45,788,"AIH59"
"1766","AIH64E1","EXB0056",2.05,45,92,"AIH64"
"1767","AIH66E1","EXB0056",8.16,45,367,"AIH66"
"1768","AIH68E1","EXB0056",9.05,45,407,"AIH68"
"1769","AIH70E1","EXB0056",10.6,45,477,"AIH70"
"1770","AIH75E1","EXB0056",2.42,45,109,"AIH75"
"1771","AIH77E1","EXB0056",11.4,45,513,"AIH77"
"1772","AIH79E1","EXB0056",15.8,45,711,"AIH79"
"1773","AIH81E1","EXB0056",19.2,45,864,"AIH81"
"1774","AIH97E1","EXB0056",0.57,45,26,"AIH97"
"1775","AIH99E1","EXB0056",13.8,45,621,"AIH99"
"1776","AII02E1","EXB0056",6.43,45,289,"AII02"
"1777","AII04E1","EXB0056",9.59,45,432,"AII04"
"1778","AII97E1","EXB0056",15.6,45,702,"AII97"
"1779","AII99E1","EXB0056",14.2,45,639,"AII99"
"1780","AIJ02E1","EXB0056",7.1,45,320,"AIJ02"
"1781","AIJ04E1","EXB0056",23.4,45,1053,"AIJ04"
"1782","C1_EXB0056E1","EXB0056",0,45,0,"C1_EXB0056"
"1783","AIH46E2","EXB0057",71.5,45,3218,"AIH46"
"1784","AIF70E2","EXB0057",0.69,45,31,"AIF70"
"1785","AIF64E2","EXB0057",7.99,45,360,"AIF64"
"1786","AIG11E2","EXB0057",55,45,2475,"AIG11"
"1787","AIH64E2","EXB0057",0.58,45,26,"AIH64"
"1788","AIF57E2","EXB0057",62.6,45,2817,"AIF57"
"1789","AIF68E2","EXB0057",66.8,45,3006,"AIF68"
"1790","AIH75E2","EXB0057",17.7,45,797,"AIH75"
"1791","AII99E2","EXB0057",48.1,45,2165,"AII99"
"1792","AIH99E2","EXB0057",53,45,2385,"AIH99"
"1793","AII97E2","EXB0057",4.29,45,193,"AII97"
"1794","AIH66E2","EXB0057",36.9,45,1661,"AIH66"
"1795","AIH26E2","EXB0057",46.3,45,2084,"AIH26"
"1796","AIH42E2","EXB0057",13,45,585,"AIH42"
"1797","C1_EXB0057E1","EXB0057",0,45,0,"C1_EXB0057"
"1798","AIH53E2","EXB0057",11.2,45,504,"AIH53"
"1799","AIF55E2","EXB0057",62.7,45,2822,"AIF55"
"1800","AIH22E2","EXB0057",54.9,45,2471,"AIH22"
"1801","AIH48E2","EXB0057",26.9,45,1211,"AIH48"
"1802","AII04E2","EXB0057",22.9,45,1031,"AII04"
"1803","AIG13E2","EXB0057",56.9,45,2561,"AIG13"
"1804","AIH44E2","EXB0057",59.3,45,2669,"AIH44"
"1805","AIH55E2","EXB0057",72,45,3240,"AIH55"
"1806","AIH81E2","EXB0057",8.7,45,391,"AIH81"
"1807","AIH20E2","EXB0057",12.6,45,567,"AIH20"
"1808","AIH77E2","EXB0057",41.4,45,1863,"AIH77"
"1809","AIF59E2","EXB0057",40.9,45,1841,"AIF59"
"1810","AIH68E2","EXB0057",38.7,45,1742,"AIH68"
"1811","AIH70E2","EXB0057",19.4,45,873,"AIH70"
"1812","AIF53E2","EXB0057",37.3,45,1678,"AIF53"
"1813","AIH97E2","EXB0057",9.23,45,415,"AIH97"
"1814","AIH24E2","EXB0057",41,45,1845,"AIH24"
"1815","AIJ04E2","EXB0057",55.3,45,2489,"AIJ04"
"1816","AIG15E2","EXB0057",27,45,1215,"AIG15"
"1817","AIH79E2","EXB0057",39,45,1755,"AIH79"
"1818","AIH59E2","EXB0057",38.3,45,1723,"AIH59"
"1819","AIH57E2","EXB0057",58.5,45,2633,"AIH57"
"1820","AIJ02E2","EXB0057",37.2,45,1674,"AIJ02"
"1821","AIF66E2","EXB0057",32.9,45,1481,"AIF66"
"1822","AIG09E2","EXB0057",14.5,45,653,"AIG09"
"1823","AII02E2","EXB0057",50,45,2250,"AII02"
"1824","AIG20E1","EXB0058",1.54,45,69,"AIG20"
"1825","AIG22E1","EXB0058",42.9,45,1931,"AIG22"
"1826","AIG24E1","EXB0058",20.7,45,932,"AIG24"
"1827","AIG26E1","EXB0058",33,45,1485,"AIG26"
"1828","AIG31E1","EXB0058",8.08,45,364,"AIG31"
"1829","AIG33E1","EXB0058",15.3,45,689,"AIG33"
"1830","AIG35E1","EXB0058",39.8,45,1791,"AIG35"
"1831","AIG37E1","EXB0058",67.2,45,3024,"AIG37"
"1832","AIG42E1","EXB0058",9.77,45,440,"AIG42"
"1833","AIG44E1","EXB0058",5.11,45,230,"AIG44"
"1834","AIG46E1","EXB0058",8.51,45,383,"AIG46"
"1835","AIG48E1","EXB0058",3,45,135,"AIG48"
"1836","AIH86E1","EXB0058",1.45,45,65,"AIH86"
"1837","AIH88E1","EXB0058",19.2,45,864,"AIH88"
"1838","AIH90E1","EXB0058",19,45,855,"AIH90"
"1839","AIH92E1","EXB0058",35.5,45,1598,"AIH92"
"1840","AII09E1","EXB0058",12.7,45,572,"AII09"
"1841","AII11E1","EXB0058",11.7,45,527,"AII11"
"1842","AII13E1","EXB0058",13.4,45,603,"AII13"
"1843","AII15E1","EXB0058",35.3,45,1588,"AII15"
"1844","AII20E1","EXB0058",1.68,45,76,"AII20"
"1845","AII22E1","EXB0058",13.9,45,626,"AII22"
"1846","AII24E1","EXB0058",28.8,45,1296,"AII24"
"1847","AII26E1","EXB0058",32.1,45,1445,"AII26"
"1848","AII31E1","EXB0058",1.05,45,47,"AII31"
"1849","AII33E1","EXB0058",7.99,45,360,"AII33"
"1850","AII35E1","EXB0058",12.2,45,549,"AII35"
"1851","AII37E1","EXB0058",38.4,45,1728,"AII37"
"1852","AIJ09E1","EXB0058",2.35,45,106,"AIJ09"
"1853","AIJ11E1","EXB0058",18.9,45,850,"AIJ11"
"1854","AIJ13E1","EXB0058",38.6,45,1737,"AIJ13"
"1855","AIJ15E1","EXB0058",20.8,45,936,"AIJ15"
"1856","AIJ20E1","EXB0058",12.3,45,554,"AIJ20"
"1857","AIJ22E1","EXB0058",36.8,45,1656,"AIJ22"
"1858","AIJ24E1","EXB0058",1.46,45,66,"AIJ24"
"1859","AIJ26E1","EXB0058",10.4,45,468,"AIJ26"
"1860","C1_EXB0058E1","EXB0058",0,45,0,"C1_EXB0058"
"1861","AIG26E2","EXB0059",22.8,45,1026,"AIG26"
"1862","AII35E2","EXB0059",82.8,45,3726,"AII35"
"1863","AII37E2","EXB0059",5.69,45,256,"AII37"
"1864","AIH90E2","EXB0059",150,45,6750,"AIH90"
"1865","AII24E2","EXB0059",98.2,45,4419,"AII24"
"1866","AIH88E2","EXB0059",153,45,6885,"AIH88"
"1867","AII20E2","EXB0059",11.5,45,518,"AII20"
"1868","AII26E2","EXB0059",50.6,45,2277,"AII26"
"1869","AII11E2","EXB0059",148,45,6660,"AII11"
"1870","AII13E2","EXB0059",48,45,2160,"AII13"
"1871","AIJ22E2","EXB0059",133,45,5985,"AIJ22"
"1872","AIG44E2","EXB0059",125,45,5625,"AIG44"
"1873","C1_EXB0059E1","EXB0059",0,45,0,"C1_EXB0059"
"1874","AII31E2","EXB0059",14.2,45,639,"AII31"
"1875","AIG48E2","EXB0059",28.3,45,1274,"AIG48"
"1876","AIJ13E2","EXB0059",99.3,45,4469,"AIJ13"
"1877","AIG37E2","EXB0059",62.1,45,2795,"AIG37"
"1878","AII22E2","EXB0059",80.1,45,3604,"AII22"
"1879","AIJ24E2","EXB0059",156,45,7020,"AIJ24"
"1880","AIG31E2","EXB0059",39,45,1755,"AIG31"
"1881","AIJ11E2","EXB0059",102,45,4590,"AIJ11"
"1882","AIJ09E2","EXB0059",39.9,45,1796,"AIJ09"
"1883","AIH92E2","EXB0059",61.5,45,2768,"AIH92"
"1884","AIJ15E2","EXB0059",32.7,45,1472,"AIJ15"
"1885","AIG35E2","EXB0059",112,45,5040,"AIG35"
"1886","AIG24E2","EXB0059",83.7,45,3767,"AIG24"
"1887","AIG42E2","EXB0059",28.5,45,1283,"AIG42"
"1888","AIG46E2","EXB0059",122,45,5490,"AIG46"
"1889","AII09E2","EXB0059",9.39,45,423,"AII09"
"1890","AII33E2","EXB0059",143,45,6435,"AII33"
"1891","AIG33E2","EXB0059",56.6,45,2547,"AIG33"
"1892","AIJ20E2","EXB0059",24.3,45,1094,"AIJ20"
"1893","AIG22E2","EXB0059",88.7,45,3992,"AIG22"
"1894","AII15E2","EXB0059",0.31,45,14,"AII15"
"1895","AIG20E2","EXB0059",15.2,45,684,"AIG20"
"1896","AIH86E2","EXB0059",17.3,45,779,"AIH86"
"1897","AIJ26E2","EXB0059",48.9,45,2201,"AIJ26"
"1898","AAD28E1","EXB0060",0.11,45,5,"AAD28"
"1899","AAD29E1","EXB0060",0.19,45,8,"AAD29"
"1900","AAD30E1","EXB0060",0.54,45,24,"AAD30"
"1901","AAD31E1","EXB0060",0.54,45,24,"AAD31"
"1902","AAD32E1","EXB0060",0.44,45,20,"AAD32"
"1903","AAD33E1","EXB0060",2.44,45,110,"AAD33"
"1904","AAD34E1","EXB0060",0.05,45,2,"AAD34"
"1905","AAD35E1","EXB0060",0.09,45,4,"AAD35"
"1906","AAD36E1","EXB0060",2.67,45,120,"AAD36"
"1907","AAD37E1","EXB0060",1.59,45,72,"AAD37"
"1908","AAD38E1","EXB0060",0.68,45,31,"AAD38"
"1909","AAD39E1","EXB0060",1.87,45,84,"AAD39"
"1910","AAD40E1","EXB0060",1.75,45,79,"AAD40"
"1911","AAD41E1","EXB0060",1.93,45,87,"AAD41"
"1912","AAD42E1","EXB0060",0.6,45,27,"AAD42"
"1913","AAD43E1","EXB0060",3.4,45,153,"AAD43"
"1914","AAD44E1","EXB0060",1.51,45,68,"AAD44"
"1915","AAD45E1","EXB0060",0.17,45,8,"AAD45"
"1916","AAD46E1","EXB0060",1.2,45,54,"AAD46"
"1917","AAD51E1","EXB0060",3.54,45,159,"AAD51"
"1918","AAD53E1","EXB0060",0.97,45,44,"AAD53"
"1919","AAD56E1","EXB0060",0.86,45,39,"AAD56"
"1920","AAD57E1","EXB0060",2.18,45,98,"AAD57"
"1921","AAD61E1","EXB0060",0.08,45,4,"AAD61"
"1922","AAD62E1","EXB0060",3.44,45,155,"AAD62"
"1923","AAE10E1","EXB0060",1.2,45,54,"AAE10"
"1924","AAE11E1","EXB0060",0.7,45,31,"AAE11"
"1925","AAE12E1","EXB0060",1.83,45,82,"AAE12"
"1926","AAE13E1","EXB0060",0.61,45,28,"AAE13"
"1927","AAE14E1","EXB0060",0.36,45,16,"AAE14"
"1928","AAE15E1","EXB0060",0.53,45,24,"AAE15"
"1929","AAE16E1","EXB0060",0.06,45,3,"AAE16"
"1930","AAE17E1","EXB0060",4.09,45,184,"AAE17"
"1931","AAE18E1","EXB0060",0.49,45,22,"AAE18"
"1932","AAE19E1","EXB0060",1.28,45,58,"AAE19"
"1933","AAE20E1","EXB0060",2.4,45,108,"AAE20"
"1934","AAE21E1","EXB0060",1.92,45,86,"AAE21"
"1935","AAE22E1","EXB0060",1.72,45,77,"AAE22"
"1936","AAE23E1","EXB0060",0.7,45,31,"AAE23"
"1937","AAE24E1","EXB0060",0.87,45,39,"AAE24"
"1938","AAE25E1","EXB0060",1.21,45,54,"AAE25"
"1939","AAE62E1","EXB0060",0.53,45,24,"AAE62"
"1940","AAE63E1","EXB0060",0.22,45,10,"AAE63"
"1941","AAE66E1","EXB0060",1.35,45,61,"AAE66"
"1942","AAE67E1","EXB0060",3.15,45,142,"AAE67"
"1943","AAE68E1","EXB0060",0.21,45,9,"AAE68"
"1944","AAE69E1","EXB0060",1.52,45,68,"AAE69"
"1945","C1_EXB0060E1","EXB0060",0,45,0,"C1_EXB0060"
"1946","AGY65E1","EXB0061",0.16,45,7,"AGY65"
"1947","AGY66E1","EXB0061",0.21,45,9,"AGY66"
"1948","AGY67E1","EXB0061",0.68,45,30,"AGY67"
"1949","AGY68E1","EXB0061",0.78,45,35,"AGY68"
"1950","AGY85E1","EXB0061",0.62,45,28,"AGY85"
"1951","AGY86E1","EXB0061",0.24,45,11,"AGY86"
"1952","AGY87E1","EXB0061",0.57,45,26,"AGY87"
"1953","AGY88E1","EXB0061",0.67,45,30,"AGY88"
"1954","AGY89E1","EXB0061",0.09,45,4,"AGY89"
"1955","AGZ02E1","EXB0061",0.17,45,8,"AGZ02"
"1956","AGZ03E1","EXB0061",0.24,45,11,"AGZ03"
"1957","AGZ04E1","EXB0061",4.62,45,208,"AGZ04"
"1958","AGZ05E1","EXB0061",5.6,45,252,"AGZ05"
"1959","AGZ06E1","EXB0061",0.1,45,4,"AGZ06"
"1960","AGZ07E1","EXB0061",0.18,45,8,"AGZ07"
"1961","AGZ14E1","EXB0061",0.05,45,2,"AGZ14"
"1962","AGZ15E1","EXB0061",0.09,45,4,"AGZ15"
"1963","AGZ16E1","EXB0061",0.1,45,4,"AGZ16"
"1964","AGZ17E1","EXB0061",0.15,45,7,"AGZ17"
"1965","AGZ18E1","EXB0061",0.25,45,11,"AGZ18"
"1966","AGZ19E1","EXB0061",0.83,45,38,"AGZ19"
"1967","AGZ20E1","EXB0061",0.17,45,8,"AGZ20"
"1968","AGZ21E1","EXB0061",0.13,45,6,"AGZ21"
"1969","AGZ30E1","EXB0061",7.18,45,323,"AGZ30"
"1970","AGZ31E1","EXB0061",8.3,45,374,"AGZ31"
"1971","AGZ38E1","EXB0061",1.73,45,78,"AGZ38"
"1972","AGZ39E1","EXB0061",1.11,45,50,"AGZ39"
"1973","AGZ40E1","EXB0061",0.03,45,1,"AGZ40"
"1974","AGZ41E1","EXB0061",0.1,45,4,"AGZ41"
"1975","AGZ42E1","EXB0061",0.18,45,8,"AGZ42"
"1976","AGZ43E1","EXB0061",1.44,45,65,"AGZ43"
"1977","AGZ50E1","EXB0061",0.17,45,7,"AGZ50"
"1978","AGZ51E1","EXB0061",0.23,45,10,"AGZ51"
"1979","AGZ52E1","EXB0061",0.25,45,11,"AGZ52"
"1980","AGZ53E1","EXB0061",0.07,45,3,"AGZ53"
"1981","AGZ55E1","EXB0061",0.13,45,6,"AGZ55"
"1982","AGZ61E1","EXB0061",0.04,45,2,"AGZ61"
"1983","AGZ62E1","EXB0061",0.63,45,28,"AGZ62"
"1984","AGZ69E1","EXB0061",0.17,45,8,"AGZ69"
"1985","AGZ70E1","EXB0061",0.26,45,12,"AGZ70"
"1986","AGZ71E1","EXB0061",0.09,45,4,"AGZ71"
"1987","AGZ72E1","EXB0061",0.2,45,9,"AGZ72"
"1988","AGZ75E1","EXB0061",0.25,45,11,"AGZ75"
"1989","AGZ77E1","EXB0061",0.28,45,13,"AGZ77"
"1990","AGZ79E1","EXB0061",0.2,45,9,"AGZ79"
"1991","AGZ80E1","EXB0061",0.46,45,20,"AGZ80"
"1992","AGZ90E1","EXB0061",0.1,45,5,"AGZ90"
"1993","ACR76E1","EXB0061",0.22,45,10,"ACR76"
"1994","ACR77E1","EXB0061",0.26,45,12,"ACR77"
"1995","ACR95E1","EXB0061",0.14,45,7,"ACR95"
"1996","ACS04E1","EXB0061",1.85,45,83,"ACS04"
"1997","ACS32E1","EXB0061",0.49,45,22,"ACS32"
"1998","ACS51E1","EXB0061",0.17,45,8,"ACS51"
"1999","ACS53E1","EXB0061",0.12,45,5,"ACS53"
"2000","AEA77E1","EXB0061",1.68,45,76,"AEA77"
"2001","AEA84E1","EXB0061",1.69,45,76,"AEA84"
"2002","AEB20E1","EXB0061",1.49,45,67,"AEB20"
"2003","C1_EXB0061E1","EXB0061",0,45,0,"C1_EXB0061"
"2004","AGB78E1","EXB0062",4.57,45,206,"AGB78"
"2005","AGB79E1","EXB0062",8,45,360,"AGB79"
"2006","AGB81E1","EXB0062",0.67,45,30,"AGB81"
"2007","AGB82E1","EXB0062",5.3,45,239,"AGB82"
"2008","AGB87E1","EXB0062",3.8,45,171,"AGB87"
"2009","AGB90E1","EXB0062",2.88,45,130,"AGB90"
"2010","AGB96E1","EXB0062",3.46,45,156,"AGB96"
"2011","AGB97E1","EXB0062",4.84,45,218,"AGB97"
"2012","AGB99E1","EXB0062",5.2,45,234,"AGB99"
"2013","AGC05E1","EXB0062",8.9,45,401,"AGC05"
"2014","AGC06E1","EXB0062",5.19,45,234,"AGC06"
"2015","AGC09E1","EXB0062",24.6,45,1107,"AGC09"
"2016","AGC12E1","EXB0062",5.34,45,240,"AGC12"
"2017","AGC18E1","EXB0062",4.29,45,193,"AGC18"
"2018","AGC23E1","EXB0062",7.51,45,338,"AGC23"
"2019","AGC24E1","EXB0062",2.68,45,121,"AGC24"
"2020","AGC29E1","EXB0062",4.81,45,216,"AGC29"
"2021","AGC32E1","EXB0062",7.67,45,345,"AGC32"
"2022","AGC33E1","EXB0062",22.9,45,1031,"AGC33"
"2023","AGC34E1","EXB0062",2.4,45,108,"AGC34"
"2024","AGC36E1","EXB0062",1.04,45,47,"AGC36"
"2025","AGC4E1","EXB0062",10.5,45,473,"AGC4"
"2026","AGC41E1","EXB0062",1.09,45,49,"AGC41"
"2027","AGC42E1","EXB0062",3.66,45,165,"AGC42"
"2028","AGC46E1","EXB0062",9.99,45,450,"AGC46"
"2029","AGC48E1","EXB0062",2.24,45,101,"AGC48"
"2030","AGC50E1","EXB0062",15.4,45,693,"AGC50"
"2031","AGC51E1","EXB0062",7.73,45,348,"AGC51"
"2032","AGC55E1","EXB0062",1.11,45,50,"AGC55"
"2033","AGC94E1","EXB0062",33.7,45,1517,"AGC94"
"2034","AGC96E1","EXB0062",6.1,45,275,"AGC96"
"2035","AGC98E1","EXB0062",13.5,45,608,"AGC98"
"2036","AGD02E1","EXB0062",16,45,720,"AGD02"
"2037","AGD04E1","EXB0062",18.6,45,837,"AGD04"
"2038","AGD06E1","EXB0062",12,45,540,"AGD06"
"2039","AGD07E1","EXB0062",28.9,45,1301,"AGD07"
"2040","AGD09E1","EXB0062",15.2,45,684,"AGD09"
"2041","AGD10E1","EXB0062",12.6,45,567,"AGD10"
"2042","AGD11E1","EXB0062",14.8,45,666,"AGD11"
"2043","AGD12E1","EXB0062",20.7,45,932,"AGD12"
"2044","AGD14E1","EXB0062",12.9,45,581,"AGD14"
"2045","AGD15E1","EXB0062",49.3,45,2219,"AGD15"
"2046","AGD17E1","EXB0062",12.9,45,581,"AGD17"
"2047","AGD18E1","EXB0062",56.9,45,2561,"AGD18"
"2048","AGD19E1","EXB0062",24.2,45,1089,"AGD19"
"2049","AGD20E1","EXB0062",34.9,45,1571,"AGD20"
"2050","AGD21E1","EXB0062",38.7,45,1742,"AGD21"
"2051","AGD24E1","EXB0062",25.4,45,1143,"AGD24"
"2052","AGD28E1","EXB0062",22.8,45,1026,"AGD28"
"2053","AGD29E1","EXB0062",31.9,45,1436,"AGD29"
"2054","AGD32E1","EXB0062",18.8,45,846,"AGD32"
"2055","AGD33E1","EXB0062",12.7,45,572,"AGD33"
"2056","AGD34E1","EXB0062",24,45,1080,"AGD34"
"2057","AGD36E1","EXB0062",20.6,45,927,"AGD36"
"2058","AGD37E1","EXB0062",26.5,45,1193,"AGD37"
"2059","AGD38E1","EXB0062",17.8,45,801,"AGD38"
"2060","AGD39E1","EXB0062",11.1,45,500,"AGD39"
"2061","AGD40E1","EXB0062",17.5,45,788,"AGD40"
"2062","C1_EXB0062E1","EXB0062",0.07,45,3,"C1_EXB0062"
